Code,Project Rank,Project,File,Line
CS1591,6,AllMiniLmL6V2Sharp.Tests,src/ExternalServices/AllMiniLML6v2Sharp/AllMiniLmL6V2Sharp.Tests/OnnxExtensionsTests.cs,27
CS1591,3,OoBDev.Redis.Caching,src/ExternalServices/Redis/OoBDev.Redis.Caching/Providers/RedisCachingProvider.cs,11
CS1591,3,OoBDev.Redis.Caching,src/ExternalServices/Redis/OoBDev.Redis.Caching/Providers/RedisCachingProvider.cs,18
CS1591,3,OoBDev.Redis.Caching,src/ExternalServices/Redis/OoBDev.Redis.Caching/Providers/RedisCachingProvider.cs,30
CS1591,3,OoBDev.Redis.Caching,src/ExternalServices/Redis/OoBDev.Redis.Caching/Providers/RedisCachingProvider.cs,37
CS1591,3,OoBDev.Redis.Caching,src/ExternalServices/Redis/OoBDev.Redis.Caching/Providers/RedisCachingProvider.cs,50
CS1591,5,OoBDev.Caching,src/Framework/OoBDev.Caching/Factories/CachedProxy.cs,22
CS1591,6,AllMiniLmL6V2Sharp.Tests,src/ExternalServices/AllMiniLML6v2Sharp/AllMiniLmL6V2Sharp.Tests/AllMiniLmL6V2.Test.cs,8
CS1591,6,AllMiniLmL6V2Sharp.Tests,src/ExternalServices/AllMiniLML6v2Sharp/AllMiniLmL6V2Sharp.Tests/AllMiniLmL6V2.Test.cs,12
CS1591,6,AllMiniLmL6V2Sharp.Tests,src/ExternalServices/AllMiniLML6v2Sharp/AllMiniLmL6V2Sharp.Tests/AllMiniLmL6V2.Test.cs,23
CS1591,6,AllMiniLmL6V2Sharp.Tests,src/ExternalServices/AllMiniLML6v2Sharp/AllMiniLmL6V2Sharp.Tests/AllMiniLmL6V2.Test.cs,34
CS1591,6,AllMiniLmL6V2Sharp.Tests,src/ExternalServices/AllMiniLML6v2Sharp/AllMiniLmL6V2Sharp.Tests/AllMiniLmL6V2.Test.cs,43
CS1591,6,AllMiniLmL6V2Sharp.Tests,src/ExternalServices/AllMiniLML6v2Sharp/AllMiniLmL6V2Sharp.Tests/AllMiniLmL6V2.Test.cs,54
CS1591,6,AllMiniLmL6V2Sharp.Tests,src/ExternalServices/AllMiniLML6v2Sharp/AllMiniLmL6V2Sharp.Tests/AllMiniLmL6V2.Test.cs,79
CS1591,6,AllMiniLmL6V2Sharp.Tests,src/ExternalServices/AllMiniLML6v2Sharp/AllMiniLmL6V2Sharp.Tests/OnnxExtensionsTests.cs,8
CS1591,6,AllMiniLmL6V2Sharp.Tests,src/ExternalServices/AllMiniLML6v2Sharp/AllMiniLmL6V2Sharp.Tests/OnnxExtensionsTests.cs,12
CS1591,6,AllMiniLmL6V2Sharp.Tests,src/ExternalServices/AllMiniLML6v2Sharp/AllMiniLmL6V2Sharp.Tests/OnnxExtensionsTests.cs,40
CS1591,6,AllMiniLmL6V2Sharp.Tests,src/ExternalServices/AllMiniLML6v2Sharp/AllMiniLmL6V2Sharp.Tests/OnnxExtensionsTests.cs,55
CS1591,6,AllMiniLmL6V2Sharp.Tests,src/ExternalServices/AllMiniLML6v2Sharp/AllMiniLmL6V2Sharp.Tests/OnnxExtensionsTests.cs,70
CS1591,6,AllMiniLmL6V2Sharp.Tests,src/ExternalServices/AllMiniLML6v2Sharp/AllMiniLmL6V2Sharp.Tests/OnnxExtensionsTests.cs,85
CS1591,6,AllMiniLmL6V2Sharp.Tests,src/ExternalServices/AllMiniLML6v2Sharp/AllMiniLmL6V2Sharp.Tests/OnnxExtensionsTests.cs,111
CS1591,6,AllMiniLmL6V2Sharp.Tests,src/ExternalServices/AllMiniLML6v2Sharp/AllMiniLmL6V2Sharp.Tests/TokenizerTests.cs,8
CS1591,6,AllMiniLmL6V2Sharp.Tests,src/ExternalServices/AllMiniLML6v2Sharp/AllMiniLmL6V2Sharp.Tests/TokenizerTests.cs,19
CS1591,6,AllMiniLmL6V2Sharp.Tests,src/ExternalServices/AllMiniLML6v2Sharp/AllMiniLmL6V2Sharp.Tests/VocabTests.cs,8
CS1591,6,AllMiniLmL6V2Sharp.Tests,src/ExternalServices/AllMiniLML6v2Sharp/AllMiniLmL6V2Sharp.Tests/VocabTests.cs,14
CS1591,6,OoBDev.Apache.Tika.Tests,src/ExternalServices/Apache/OoBDev.Apache.Tika.Tests/ApacheTikaHealthCheckTests.cs,10
CS1591,6,OoBDev.Apache.Tika.Tests,src/ExternalServices/Apache/OoBDev.Apache.Tika.Tests/ApacheTikaHealthCheckTests.cs,12
CS1591,6,OoBDev.Apache.Tika.Tests,src/ExternalServices/Apache/OoBDev.Apache.Tika.Tests/ApacheTikaHealthCheckTests.cs,16
CS1591,6,OoBDev.Apache.Tika.Tests,src/ExternalServices/Apache/OoBDev.Apache.Tika.Tests/ApacheTikaHealthCheckTests.cs,49
CS1591,6,OoBDev.Apache.Tika.Tests,src/ExternalServices/Apache/OoBDev.Apache.Tika.Tests/ApacheTikaTestHarness.cs,9
CS1591,6,OoBDev.Apache.Tika.Tests,src/ExternalServices/Apache/OoBDev.Apache.Tika.Tests/ApacheTikaTestHarness.cs,11
CS1591,6,OoBDev.Apache.Tika.Tests,src/ExternalServices/Apache/OoBDev.Apache.Tika.Tests/ApacheTikaTestHarness.cs,17
CS1591,6,OoBDev.Apache.Tika.Tests,src/ExternalServices/Apache/OoBDev.Apache.Tika.Tests/ApacheTikaTestHarness.cs,34
CS1591,6,OoBDev.Apache.Tika.Tests,src/ExternalServices/Apache/OoBDev.Apache.Tika.Tests/Detectors/TikaContentTypeDetectorTests.cs,14
CS1591,6,OoBDev.Apache.Tika.Tests,src/ExternalServices/Apache/OoBDev.Apache.Tika.Tests/Detectors/TikaContentTypeDetectorTests.cs,16
CS1591,6,OoBDev.Apache.Tika.Tests,src/ExternalServices/Apache/OoBDev.Apache.Tika.Tests/Detectors/TikaContentTypeDetectorTests.cs,20
CS1591,6,OoBDev.Apache.Tika.Tests,src/ExternalServices/Apache/OoBDev.Apache.Tika.Tests/Detectors/TikaContentTypeDetectorTests.cs,49
CS1591,6,OoBDev.Apache.Tika.Tests,src/ExternalServices/Apache/OoBDev.Apache.Tika.Tests/Handlers/TikaDocToHtmlConversionHandlerTests.cs,9
CS1591,6,OoBDev.Apache.Tika.Tests,src/ExternalServices/Apache/OoBDev.Apache.Tika.Tests/Handlers/TikaDocToHtmlConversionHandlerTests.cs,12
CS1591,6,OoBDev.Apache.Tika.Tests,src/ExternalServices/Apache/OoBDev.Apache.Tika.Tests/Handlers/TikaDocToHtmlConversionHandlerTests.cs,17
CS1591,6,OoBDev.Apache.Tika.Tests,src/ExternalServices/Apache/OoBDev.Apache.Tika.Tests/Handlers/TikaDocToHtmlConversionHandlerTests.cs,28
CS1591,6,OoBDev.Apache.Tika.Tests,src/ExternalServices/Apache/OoBDev.Apache.Tika.Tests/Handlers/TikaDocxToHtmlConversionHandlerTests.cs,9
CS1591,6,OoBDev.Apache.Tika.Tests,src/ExternalServices/Apache/OoBDev.Apache.Tika.Tests/Handlers/TikaDocxToHtmlConversionHandlerTests.cs,12
CS1591,6,OoBDev.Apache.Tika.Tests,src/ExternalServices/Apache/OoBDev.Apache.Tika.Tests/Handlers/TikaDocxToHtmlConversionHandlerTests.cs,19
CS1591,6,OoBDev.Apache.Tika.Tests,src/ExternalServices/Apache/OoBDev.Apache.Tika.Tests/Handlers/TikaDocxToHtmlConversionHandlerTests.cs,30
CS1591,6,OoBDev.Apache.Tika.Tests,src/ExternalServices/Apache/OoBDev.Apache.Tika.Tests/Handlers/TikaEpubToHtmlConversionHandlerTests.cs,9
CS1591,6,OoBDev.Apache.Tika.Tests,src/ExternalServices/Apache/OoBDev.Apache.Tika.Tests/Handlers/TikaEpubToHtmlConversionHandlerTests.cs,12
CS1591,6,OoBDev.Apache.Tika.Tests,src/ExternalServices/Apache/OoBDev.Apache.Tika.Tests/Handlers/TikaEpubToHtmlConversionHandlerTests.cs,18
CS1591,6,OoBDev.Apache.Tika.Tests,src/ExternalServices/Apache/OoBDev.Apache.Tika.Tests/Handlers/TikaEpubToHtmlConversionHandlerTests.cs,26
CS1591,6,OoBDev.Apache.Tika.Tests,src/ExternalServices/Apache/OoBDev.Apache.Tika.Tests/Handlers/TikaOdtToHtmlConversionHandlerTests.cs,9
CS1591,6,OoBDev.Apache.Tika.Tests,src/ExternalServices/Apache/OoBDev.Apache.Tika.Tests/Handlers/TikaOdtToHtmlConversionHandlerTests.cs,12
CS1591,6,OoBDev.Apache.Tika.Tests,src/ExternalServices/Apache/OoBDev.Apache.Tika.Tests/Handlers/TikaOdtToHtmlConversionHandlerTests.cs,18
CS1591,6,OoBDev.Apache.Tika.Tests,src/ExternalServices/Apache/OoBDev.Apache.Tika.Tests/Handlers/TikaOdtToHtmlConversionHandlerTests.cs,26
CS1591,6,OoBDev.Apache.Tika.Tests,src/ExternalServices/Apache/OoBDev.Apache.Tika.Tests/Handlers/TikaPdfToHtmlConversionHandlerTests.cs,9
CS1591,6,OoBDev.Apache.Tika.Tests,src/ExternalServices/Apache/OoBDev.Apache.Tika.Tests/Handlers/TikaPdfToHtmlConversionHandlerTests.cs,12
CS1591,6,OoBDev.Apache.Tika.Tests,src/ExternalServices/Apache/OoBDev.Apache.Tika.Tests/Handlers/TikaPdfToHtmlConversionHandlerTests.cs,17
CS1591,6,OoBDev.Apache.Tika.Tests,src/ExternalServices/Apache/OoBDev.Apache.Tika.Tests/Handlers/TikaPdfToHtmlConversionHandlerTests.cs,25
CS1591,6,OoBDev.Apache.Tika.Tests,src/ExternalServices/Apache/OoBDev.Apache.Tika.Tests/Handlers/TikaRtfToHtmlConversionHandlerTests.cs,9
CS1591,6,OoBDev.Apache.Tika.Tests,src/ExternalServices/Apache/OoBDev.Apache.Tika.Tests/Handlers/TikaRtfToHtmlConversionHandlerTests.cs,12
CS1591,6,OoBDev.Apache.Tika.Tests,src/ExternalServices/Apache/OoBDev.Apache.Tika.Tests/Handlers/TikaRtfToHtmlConversionHandlerTests.cs,19
CS1591,6,OoBDev.Apache.Tika.Tests,src/ExternalServices/Apache/OoBDev.Apache.Tika.Tests/Handlers/TikaRtfToHtmlConversionHandlerTests.cs,27
CS1591,6,OoBDev.Apache.Tika.Tests,src/ExternalServices/Apache/OoBDev.Apache.Tika.Tests/Handlers/TikaToHtmlConversionHandlerTestsBase.cs,16
CS1591,6,OoBDev.Apache.Tika.Tests,src/ExternalServices/Apache/OoBDev.Apache.Tika.Tests/Handlers/TikaToHtmlConversionHandlerTestsBase.cs,18
CS1591,6,OoBDev.Apache.Tika.Tests,src/ExternalServices/Apache/OoBDev.Apache.Tika.Tests/Handlers/TikaToHtmlConversionHandlerTestsBase.cs,65
CS1591,6,OoBDev.Caching.Tests,src/Framework/OoBDev.Caching.Tests/Examples/ExampleTests.cs,14
CS1591,6,OoBDev.Caching.Tests,src/Framework/OoBDev.Caching.Tests/Examples/ExampleTests.cs,16
CS1591,6,OoBDev.Caching.Tests,src/Framework/OoBDev.Caching.Tests/Examples/ExampleTests.cs,20
CS1591,6,OoBDev.Caching.Tests,src/Framework/OoBDev.Caching.Tests/Examples/ExampleTests.cs,58
CS1591,6,OoBDev.Caching.Tests,src/Framework/OoBDev.Caching.Tests/Examples/ExampleTests.cs,60
CS1591,6,OoBDev.Caching.Tests,src/Framework/OoBDev.Caching.Tests/Examples/ExampleTests.cs,61
CS1591,6,OoBDev.Caching.Tests,src/Framework/OoBDev.Caching.Tests/Examples/ExampleTests.cs,63
CS1591,6,OoBDev.Caching.Tests,src/Framework/OoBDev.Caching.Tests/Examples/ExampleTests.cs,64
CS1591,6,OoBDev.Caching.Tests,src/Framework/OoBDev.Caching.Tests/Examples/ExampleTests.cs,66
CS1591,6,OoBDev.Caching.Tests,src/Framework/OoBDev.Caching.Tests/Examples/ExampleTests.cs,68
CS1591,6,OoBDev.Caching.Tests,src/Framework/OoBDev.Caching.Tests/Examples/ExampleTests.cs,69
CS1591,6,OoBDev.Caching.Tests,src/Framework/OoBDev.Caching.Tests/Examples/ExampleTests.cs,70
CS1591,6,OoBDev.Caching.Tests,src/Framework/OoBDev.Caching.Tests/Examples/ExampleTests.cs,71
CS1591,6,OoBDev.Caching.Tests,src/Framework/OoBDev.Caching.Tests/Examples/ExampleTests.cs,72
CS1591,6,OoBDev.Caching.Tests,src/Framework/OoBDev.Caching.Tests/Examples/ExampleTests.cs,73
CS1591,6,OoBDev.Caching.Tests,src/Framework/OoBDev.Caching.Tests/Examples/ExampleTests.cs,74
CS1591,6,OoBDev.Caching.Tests,src/Framework/OoBDev.Caching.Tests/Examples/ExampleTests.cs,76
CS1591,6,OoBDev.Caching.Tests,src/Framework/OoBDev.Caching.Tests/Examples/ExampleTests.cs,77
CS1591,6,OoBDev.Caching.Tests,src/Framework/OoBDev.Caching.Tests/Examples/ExampleTests.cs,79
CS1591,6,OoBDev.Caching.Tests,src/Framework/OoBDev.Caching.Tests/Examples/ExampleTests.cs,81
CS1591,6,OoBDev.Caching.Tests,src/Framework/OoBDev.Caching.Tests/Examples/ExampleTests.cs,90
CS1591,6,OoBDev.Caching.Tests,src/Framework/OoBDev.Caching.Tests/Examples/ExampleTests.cs,101
CS1591,6,OoBDev.Caching.Tests,src/Framework/OoBDev.Caching.Tests/Examples/ExampleTests.cs,114
CS1591,6,OoBDev.Caching.Tests,src/Framework/OoBDev.Caching.Tests/Examples/ExampleTests.cs,125
CS1591,6,OoBDev.Caching.Tests,src/Framework/OoBDev.Caching.Tests/Examples/ExampleTests.cs,128
CS1591,6,OoBDev.Caching.Tests,src/Framework/OoBDev.Caching.Tests/Examples/ExampleTests.cs,133
CS1591,6,OoBDev.Caching.Tests,src/Framework/OoBDev.Caching.Tests/Examples/ExampleTests.cs,136
CS1591,6,OoBDev.Caching.Tests,src/Framework/OoBDev.Caching.Tests/Examples/ExampleTests.cs,139
CS1591,6,OoBDev.Caching.Tests,src/Framework/OoBDev.Caching.Tests/Factories/CacheableFactoryTests.cs,13
CS1591,6,OoBDev.Caching.Tests,src/Framework/OoBDev.Caching.Tests/Factories/CacheableFactoryTests.cs,15
CS1591,6,OoBDev.Caching.Tests,src/Framework/OoBDev.Caching.Tests/Factories/CacheableFactoryTests.cs,24
CS1591,6,OoBDev.Caching.Tests,src/Framework/OoBDev.Caching.Tests/Factories/CacheableFactoryTests.cs,39
CS1591,6,OoBDev.Caching.Tests,src/Framework/OoBDev.Caching.Tests/Factories/CacheableFactoryTests.cs,42
CS1591,6,OoBDev.Caching.Tests,src/Framework/OoBDev.Caching.Tests/Factories/CacheableFactoryTests.cs,48
CS1591,6,OoBDev.Caching.Tests,src/Framework/OoBDev.Caching.Tests/Factories/CacheableFactoryTests.cs,76
CS1591,6,OoBDev.Caching.Tests,src/Framework/OoBDev.Caching.Tests/Factories/CachedProxyTests.cs,14
CS1591,6,OoBDev.Caching.Tests,src/Framework/OoBDev.Caching.Tests/Factories/CachedProxyTests.cs,16
CS1591,6,OoBDev.Caching.Tests,src/Framework/OoBDev.Caching.Tests/Factories/CachedProxyTests.cs,22
CS1591,6,OoBDev.Caching.Tests,src/Framework/OoBDev.Caching.Tests/Factories/CachedProxyTests.cs,29
CS1591,6,OoBDev.Caching.Tests,src/Framework/OoBDev.Caching.Tests/Factories/CachedProxyTests.cs,31
CS1591,6,OoBDev.Caching.Tests,src/Framework/OoBDev.Caching.Tests/Factories/CachedProxyTests.cs,32
CS1591,6,OoBDev.Caching.Tests,src/Framework/OoBDev.Caching.Tests/Factories/CachedProxyTests.cs,33
CS1591,6,OoBDev.Caching.Tests,src/Framework/OoBDev.Caching.Tests/Factories/CachedProxyTests.cs,35
CS1591,6,OoBDev.Caching.Tests,src/Framework/OoBDev.Caching.Tests/Factories/CachedProxyTests.cs,37
CS1591,6,OoBDev.Caching.Tests,src/Framework/OoBDev.Caching.Tests/Factories/CachedProxyTests.cs,39
CS1591,6,OoBDev.Caching.Tests,src/Framework/OoBDev.Caching.Tests/Factories/CachedProxyTests.cs,41
CS1591,6,OoBDev.Caching.Tests,src/Framework/OoBDev.Caching.Tests/Factories/CachedProxyTests.cs,53
CS1591,6,OoBDev.Caching.Tests,src/Framework/OoBDev.Caching.Tests/Factories/CachedProxyTests.cs,75
CS1591,6,OoBDev.Caching.Tests,src/Framework/OoBDev.Caching.Tests/Factories/CachedProxyTests.cs,102
CS1591,6,OoBDev.Caching.Tests,src/Framework/OoBDev.Caching.Tests/Factories/ResultAwaiterTests.cs,11
CS1591,6,OoBDev.Caching.Tests,src/Framework/OoBDev.Caching.Tests/Factories/ResultAwaiterTests.cs,13
CS1591,6,OoBDev.Caching.Tests,src/Framework/OoBDev.Caching.Tests/Factories/ResultAwaiterTests.cs,18
CS1591,6,OoBDev.Caching.Tests,src/Framework/OoBDev.Caching.Tests/Factories/ResultAwaiterTests.cs,25
CS1591,6,OoBDev.Caching.Tests,src/Framework/OoBDev.Caching.Tests/Factories/ResultAwaiterTests.cs,46
CS1591,6,OoBDev.Caching.Tests,src/Framework/OoBDev.Caching.Tests/IntegrationServices.cs,10
CS1591,6,OoBDev.Caching.Tests,src/Framework/OoBDev.Caching.Tests/IntegrationServices.cs,12
CS1591,6,OoBDev.Caching.Tests,src/Framework/OoBDev.Caching.Tests/IntegrationServices.cs,31
CS1591,6,OoBDev.Caching.Tests,src/Framework/OoBDev.Caching.Tests/Managers/CachingManagerTests.cs,12
CS1591,6,OoBDev.Caching.Tests,src/Framework/OoBDev.Caching.Tests/Managers/CachingManagerTests.cs,14
CS1591,6,OoBDev.Caching.Tests,src/Framework/OoBDev.Caching.Tests/Managers/CachingManagerTests.cs,23
CS1591,6,OoBDev.Caching.Tests,src/Framework/OoBDev.Caching.Tests/Managers/CachingManagerTests.cs,34
CS1591,6,OoBDev.Caching.Tests,src/Framework/OoBDev.Caching.Tests/Managers/CachingManagerTests.cs,36
CS1591,6,OoBDev.Caching.Tests,src/Framework/OoBDev.Caching.Tests/Managers/CachingManagerTests.cs,37
CS1591,6,OoBDev.Caching.Tests,src/Framework/OoBDev.Caching.Tests/Managers/CachingManagerTests.cs,39
CS1591,6,OoBDev.Caching.Tests,src/Framework/OoBDev.Caching.Tests/Managers/CachingManagerTests.cs,41
CS1591,6,OoBDev.Caching.Tests,src/Framework/OoBDev.Caching.Tests/Managers/CachingManagerTests.cs,43
CS1591,6,OoBDev.Caching.Tests,src/Framework/OoBDev.Caching.Tests/Managers/CachingManagerTests.cs,45
CS1591,6,OoBDev.Caching.Tests,src/Framework/OoBDev.Caching.Tests/Managers/CachingManagerTests.cs,50
CS1591,6,OoBDev.Caching.Tests,src/Framework/OoBDev.Caching.Tests/Managers/CachingManagerTests.cs,73
CS1591,6,OoBDev.Caching.Tests,src/Framework/OoBDev.Caching.Tests/Managers/CachingManagerTests.cs,96
CS1591,6,OoBDev.Caching.Tests,src/Framework/OoBDev.Caching.Tests/Managers/CachingManagerTests.cs,121
CS1591,6,OoBDev.Caching.Tests,src/Framework/OoBDev.Caching.Tests/Managers/CachingManagerTests.cs,140
CS1591,6,OoBDev.Caching.Tests,src/Framework/OoBDev.Caching.Tests/Managers/CachingManagerTests.cs,162
CS1591,6,OoBDev.Caching.Tests,src/Framework/OoBDev.Caching.Tests/Managers/CachingManagerTests.cs,186
CS1591,6,OoBDev.DacFx.Tests,src/Framework/OoBDev.DacFx.Tests/DacPacBuilderTests.cs,8
CS1591,6,OoBDev.DacFx.Tests,src/Framework/OoBDev.DacFx.Tests/DacPacBuilderTests.cs,10
CS1591,6,OoBDev.DacFx.Tests,src/Framework/OoBDev.DacFx.Tests/DacPacBuilderTests.cs,13
CS1591,6,OoBDev.Data.Vectors.Tests,src/Extensions/OoBDev.Data.Vectors.Tests/SqlMatrixFTests.cs,7
CS1591,6,OoBDev.Data.Vectors.Tests,src/Extensions/OoBDev.Data.Vectors.Tests/SqlMatrixFTests.cs,9
CS1591,6,OoBDev.Data.Vectors.Tests,src/Extensions/OoBDev.Data.Vectors.Tests/SqlMatrixFTests.cs,17
CS1591,6,OoBDev.Data.Vectors.Tests,src/Extensions/OoBDev.Data.Vectors.Tests/SqlMatrixFTests.cs,28
CS1591,6,OoBDev.Data.Vectors.Tests,src/Extensions/OoBDev.Data.Vectors.Tests/SqlMatrixFTests.cs,49
CS1591,6,OoBDev.Data.Vectors.Tests,src/Extensions/OoBDev.Data.Vectors.Tests/SqlVectorFTests.cs,8
CS1591,6,OoBDev.Data.Vectors.Tests,src/Extensions/OoBDev.Data.Vectors.Tests/SqlVectorFTests.cs,10
CS1591,6,OoBDev.Data.Vectors.Tests,src/Extensions/OoBDev.Data.Vectors.Tests/SqlVectorFTests.cs,14
CS1591,6,OoBDev.Data.Vectors.Tests,src/Extensions/OoBDev.Data.Vectors.Tests/SqlVectorFTests.cs,22
CS1591,6,OoBDev.Data.Vectors.Tests,src/Extensions/OoBDev.Data.Vectors.Tests/SqlVectorFTests.cs,38
CS1591,6,OoBDev.Data.Vectors.Tests,src/Extensions/OoBDev.Data.Vectors.Tests/SqlVectorFTests.cs,47
CS1591,6,OoBDev.Data.Vectors.Tests,src/Extensions/OoBDev.Data.Vectors.Tests/SqlVectorFTests.cs,56
CS1591,6,OoBDev.Data.Vectors.Tests,src/Extensions/OoBDev.Data.Vectors.Tests/SqlVectorFTests.cs,65
CS1591,6,OoBDev.Data.Vectors.Tests,src/Extensions/OoBDev.Data.Vectors.Tests/SqlVectorFTests.cs,74
CS1591,6,OoBDev.Data.Vectors.Tests,src/Extensions/OoBDev.Data.Vectors.Tests/SqlVectorFTests.cs,83
CS1591,6,OoBDev.Data.Vectors.Tests,src/Extensions/OoBDev.Data.Vectors.Tests/SqlVectorFTests.cs,92
CS1591,6,OoBDev.Data.Vectors.Tests,src/Extensions/OoBDev.Data.Vectors.Tests/SqlVectorFTests.cs,101
CS1591,6,OoBDev.Data.Vectors.Tests,src/Extensions/OoBDev.Data.Vectors.Tests/SqlVectorFTests.cs,110
CS1591,6,OoBDev.Data.Vectors.Tests,src/Extensions/OoBDev.Data.Vectors.Tests/SqlVectorFTests.cs,118
CS1591,6,OoBDev.Data.Vectors.Tests,src/Extensions/OoBDev.Data.Vectors.Tests/SqlVectorFTests.cs,126
CS1591,6,OoBDev.Data.Vectors.Tests,src/Extensions/OoBDev.Data.Vectors.Tests/SqlVectorFTests.cs,135
CS1591,6,OoBDev.Data.Vectors.Tests,src/Extensions/OoBDev.Data.Vectors.Tests/SqlVectorTests.cs,8
CS1591,6,OoBDev.Data.Vectors.Tests,src/Extensions/OoBDev.Data.Vectors.Tests/SqlVectorTests.cs,10
CS1591,6,OoBDev.Data.Vectors.Tests,src/Extensions/OoBDev.Data.Vectors.Tests/SqlVectorTests.cs,14
CS1591,6,OoBDev.Data.Vectors.Tests,src/Extensions/OoBDev.Data.Vectors.Tests/SqlVectorTests.cs,22
CS1591,6,OoBDev.Data.Vectors.Tests,src/Extensions/OoBDev.Data.Vectors.Tests/SqlVectorTests.cs,38
CS1591,6,OoBDev.Data.Vectors.Tests,src/Extensions/OoBDev.Data.Vectors.Tests/SqlVectorTests.cs,47
CS1591,6,OoBDev.Data.Vectors.Tests,src/Extensions/OoBDev.Data.Vectors.Tests/SqlVectorTests.cs,56
CS1591,6,OoBDev.Data.Vectors.Tests,src/Extensions/OoBDev.Data.Vectors.Tests/SqlVectorTests.cs,65
CS1591,6,OoBDev.Data.Vectors.Tests,src/Extensions/OoBDev.Data.Vectors.Tests/SqlVectorTests.cs,74
CS1591,6,OoBDev.Data.Vectors.Tests,src/Extensions/OoBDev.Data.Vectors.Tests/SqlVectorTests.cs,83
CS1591,6,OoBDev.Data.Vectors.Tests,src/Extensions/OoBDev.Data.Vectors.Tests/SqlVectorTests.cs,92
CS1591,6,OoBDev.Data.Vectors.Tests,src/Extensions/OoBDev.Data.Vectors.Tests/SqlVectorTests.cs,101
CS1591,6,OoBDev.Data.Vectors.Tests,src/Extensions/OoBDev.Data.Vectors.Tests/SqlVectorTests.cs,110
CS1591,6,OoBDev.Data.Vectors.Tests,src/Extensions/OoBDev.Data.Vectors.Tests/SqlVectorTests.cs,118
CS1591,6,OoBDev.Data.Vectors.Tests,src/Extensions/OoBDev.Data.Vectors.Tests/SqlVectorTests.cs,126
CS1591,6,OoBDev.Data.Vectors.Tests,src/Extensions/OoBDev.Data.Vectors.Tests/SqlVectorTests.cs,135
CS1591,6,OoBDev.Data.Vectors.Tests,src/Extensions/OoBDev.Data.Vectors.Tests/VectorFunctionsTests.cs,8
CS1591,6,OoBDev.Data.Vectors.Tests,src/Extensions/OoBDev.Data.Vectors.Tests/VectorFunctionsTests.cs,10
CS1591,6,OoBDev.Data.Vectors.Tests,src/Extensions/OoBDev.Data.Vectors.Tests/VectorFunctionsTests.cs,15
CS1591,6,OoBDev.Data.Vectors.Tests,src/Extensions/OoBDev.Data.Vectors.Tests/VectorFunctionsTests.cs,24
CS1591,6,OoBDev.Data.Vectors.Tests,src/Extensions/OoBDev.Data.Vectors.Tests/VectorFunctionsTests.cs,36
CS1591,6,OoBDev.Extensions.Tests,src/Framework/OoBDev.Extensions.Tests/Configuration/CommandLineTests.cs,9
CS1591,6,OoBDev.Extensions.Tests,src/Framework/OoBDev.Extensions.Tests/Configuration/CommandLineTests.cs,11
CS1591,6,OoBDev.Extensions.Tests,src/Framework/OoBDev.Extensions.Tests/Configuration/CommandLineTests.cs,15
CS1591,6,OoBDev.Extensions.Tests,src/Framework/OoBDev.Extensions.Tests/Configuration/CommandLineTests.cs,28
CS1591,6,OoBDev.Extensions.Tests,src/Framework/OoBDev.Extensions.Tests/Configuration/CommandLineTests.cs,39
CS1591,6,OoBDev.Extensions.Tests,src/Framework/OoBDev.Extensions.Tests/Configuration/CommandLineTests.cs,41
CS1591,6,OoBDev.Extensions.Tests,src/Framework/OoBDev.Extensions.Tests/Configuration/CommandLineTests.cs,42
CS1591,6,OoBDev.Extensions.Tests,src/Framework/OoBDev.Extensions.Tests/Configuration/ConfigurationBuilderExtensionsTests.cs,10
CS1591,6,OoBDev.Extensions.Tests,src/Framework/OoBDev.Extensions.Tests/Configuration/ConfigurationBuilderExtensionsTests.cs,12
CS1591,6,OoBDev.Extensions.Tests,src/Framework/OoBDev.Extensions.Tests/Configuration/ConfigurationBuilderExtensionsTests.cs,16
CS1591,6,OoBDev.Extensions.Tests,src/Framework/OoBDev.Extensions.Tests/Configuration/ConfigurationBuilderExtensionsTests.cs,32
CS1591,6,OoBDev.Extensions.Tests,src/Framework/OoBDev.Extensions.Tests/IO/StreamExtensionsTests.cs,11
CS1591,6,OoBDev.Extensions.Tests,src/Framework/OoBDev.Extensions.Tests/IO/StreamExtensionsTests.cs,13
CS1591,6,OoBDev.Extensions.Tests,src/Framework/OoBDev.Extensions.Tests/IO/StreamExtensionsTests.cs,17
CS1591,6,OoBDev.Extensions.Tests,src/Framework/OoBDev.Extensions.Tests/IO/StreamExtensionsTests.cs,28
CS1591,6,OoBDev.Extensions.Tests,src/Framework/OoBDev.Extensions.Tests/Linq/AsyncEnumerableExtensionsTests.cs,10
CS1591,6,OoBDev.Extensions.Tests,src/Framework/OoBDev.Extensions.Tests/Linq/AsyncEnumerableExtensionsTests.cs,12
CS1591,6,OoBDev.Extensions.Tests,src/Framework/OoBDev.Extensions.Tests/Linq/AsyncEnumerableExtensionsTests.cs,16
CS1591,6,OoBDev.Extensions.Tests,src/Framework/OoBDev.Extensions.Tests/Linq/DictionaryExtensionsTests.cs,10
CS1591,6,OoBDev.Extensions.Tests,src/Framework/OoBDev.Extensions.Tests/Linq/DictionaryExtensionsTests.cs,12
CS1591,6,OoBDev.Extensions.Tests,src/Framework/OoBDev.Extensions.Tests/Linq/DictionaryExtensionsTests.cs,16
CS1591,6,OoBDev.Extensions.Tests,src/Framework/OoBDev.Extensions.Tests/StringToolsTests.cs,9
CS1591,6,OoBDev.Extensions.Tests,src/Framework/OoBDev.Extensions.Tests/StringToolsTests.cs,11
CS1591,6,OoBDev.Extensions.Tests,src/Framework/OoBDev.Extensions.Tests/StringToolsTests.cs,27
CS1591,6,OoBDev.Handlebars.Tests,src/ExternalServices/Handlebars/OoBDev.Handlebars.Tests/Templating/HandlebarsTemplateProviderTests.cs,17
CS1591,6,OoBDev.Handlebars.Tests,src/ExternalServices/Handlebars/OoBDev.Handlebars.Tests/Templating/HandlebarsTemplateProviderTests.cs,19
CS1591,6,OoBDev.Handlebars.Tests,src/ExternalServices/Handlebars/OoBDev.Handlebars.Tests/Templating/HandlebarsTemplateProviderTests.cs,23
CS1591,6,OoBDev.Handlebars.Tests,src/ExternalServices/Handlebars/OoBDev.Handlebars.Tests/Templating/HandlebarsTemplateProviderTests.cs,72
CS1591,6,OoBDev.Handlebars.Tests,src/ExternalServices/Handlebars/OoBDev.Handlebars.Tests/Templating/HandlebarsTemplateProviderTests.cs,131
CS1591,6,OoBDev.Handlebars.Tests,src/ExternalServices/Handlebars/OoBDev.Handlebars.Tests/Templating/HandlebarsTemplateProviderTests.cs,183
CS1591,6,OoBDev.Handlebars.Tests,src/ExternalServices/Handlebars/OoBDev.Handlebars.Tests/Templating/HandlebarsTemplateProviderTests.cs,236
CS1591,6,OoBDev.Handlebars.Tests,src/ExternalServices/Handlebars/OoBDev.Handlebars.Tests/Templating/HandlebarsTemplateProviderTests.cs,290
CS1591,6,OoBDev.Handlebars.Tests,src/ExternalServices/Handlebars/OoBDev.Handlebars.Tests/Templating/HandlebarsTemplateProviderTests.cs,344
CS1591,6,OoBDev.Keycloak.Tests,src/ExternalServices/Keycloak/OoBDev.Keycloak.Tests/Identity/KeycloakUserManagementTests.cs,32
CS1591,6,OoBDev.Keycloak.Tests,src/ExternalServices/Keycloak/OoBDev.Keycloak.Tests/Identity/KeycloakUserManagementTests.cs,41
CS1591,6,OoBDev.Keycloak.Tests,src/ExternalServices/Keycloak/OoBDev.Keycloak.Tests/Identity/KeycloakUserManagementTests.cs,56
CS1591,6,OoBDev.MailKit.Tests,src/ExternalServices/MailKit/OoBDev.MailKit.Tests/ClientExampleTests.cs,16
CS1591,6,OoBDev.MailKit.Tests,src/ExternalServices/MailKit/OoBDev.MailKit.Tests/ClientExampleTests.cs,18
CS1591,6,OoBDev.MailKit.Tests,src/ExternalServices/MailKit/OoBDev.MailKit.Tests/ClientExampleTests.cs,22
CS1591,6,OoBDev.MailKit.Tests,src/ExternalServices/MailKit/OoBDev.MailKit.Tests/ClientExampleTests.cs,77
CS1591,6,OoBDev.MailKit.Tests,src/ExternalServices/MailKit/OoBDev.MailKit.Tests/MailkitImapHealthCheckTests.cs,12
CS1591,6,OoBDev.MailKit.Tests,src/ExternalServices/MailKit/OoBDev.MailKit.Tests/MailkitImapHealthCheckTests.cs,14
CS1591,6,OoBDev.MailKit.Tests,src/ExternalServices/MailKit/OoBDev.MailKit.Tests/MailkitImapHealthCheckTests.cs,18
CS1591,6,OoBDev.MailKit.Tests,src/ExternalServices/MailKit/OoBDev.MailKit.Tests/MailkitImapHealthCheckTests.cs,53
CS1591,6,OoBDev.MailKit.Tests,src/ExternalServices/MailKit/OoBDev.MailKit.Tests/MailkitSmtpHealthCheckTests.cs,12
CS1591,6,OoBDev.MailKit.Tests,src/ExternalServices/MailKit/OoBDev.MailKit.Tests/MailkitSmtpHealthCheckTests.cs,14
CS1591,6,OoBDev.MailKit.Tests,src/ExternalServices/MailKit/OoBDev.MailKit.Tests/MailkitSmtpHealthCheckTests.cs,18
CS1591,6,OoBDev.MailKit.Tests,src/ExternalServices/MailKit/OoBDev.MailKit.Tests/MailkitSmtpHealthCheckTests.cs,53
CS1591,6,OoBDev.Markdig.Tests,src/ExternalServices/Markdig/OoBDev.Markdig.Tests/MarkdownToHtmlConversionHandlerTests.cs,13
CS1591,6,OoBDev.Markdig.Tests,src/ExternalServices/Markdig/OoBDev.Markdig.Tests/MarkdownToHtmlConversionHandlerTests.cs,15
CS1591,6,OoBDev.Markdig.Tests,src/ExternalServices/Markdig/OoBDev.Markdig.Tests/MarkdownToHtmlConversionHandlerTests.cs,28
CS1591,6,OoBDev.MessageQueueing.Tests,src/Framework/OoBDev.MessageQueueing.Tests/Hosting/MessageReceiverHostTests.cs,12
CS1591,6,OoBDev.MessageQueueing.Tests,src/Framework/OoBDev.MessageQueueing.Tests/Hosting/MessageReceiverHostTests.cs,14
CS1591,6,OoBDev.MessageQueueing.Tests,src/Framework/OoBDev.MessageQueueing.Tests/Hosting/MessageReceiverHostTests.cs,18
CS1591,6,OoBDev.MessageQueueing.Tests,src/Framework/OoBDev.MessageQueueing.Tests/MessageSenderTests.cs,20
CS1591,6,OoBDev.MessageQueueing.Tests,src/Framework/OoBDev.MessageQueueing.Tests/MessageSenderTests.cs,22
CS1591,6,OoBDev.MessageQueueing.Tests,src/Framework/OoBDev.MessageQueueing.Tests/MessageSenderTests.cs,26
CS1591,6,OoBDev.MessageQueueing.Tests,src/Framework/OoBDev.MessageQueueing.Tests/MessageSenderTests.cs,52
CS1591,6,OoBDev.MessageQueueing.Tests,src/Framework/OoBDev.MessageQueueing.Tests/MessageSenderTests.cs,77
CS1591,6,OoBDev.MessageQueueing.Tests,src/Framework/OoBDev.MessageQueueing.Tests/MessageSenderTests.cs,101
CS1591,6,OoBDev.MessageQueueing.Tests,src/Framework/OoBDev.MessageQueueing.Tests/Services/InProcessMessageProviderTests.cs,12
CS1591,6,OoBDev.MessageQueueing.Tests,src/Framework/OoBDev.MessageQueueing.Tests/Services/InProcessMessageProviderTests.cs,14
CS1591,6,OoBDev.MessageQueueing.Tests,src/Framework/OoBDev.MessageQueueing.Tests/Services/InProcessMessageProviderTests.cs,18
CS1591,6,OoBDev.MessageQueueing.Tests,src/Framework/OoBDev.MessageQueueing.Tests/Services/MessageHandlerProviderTests.cs,13
CS1591,6,OoBDev.MessageQueueing.Tests,src/Framework/OoBDev.MessageQueueing.Tests/Services/MessageHandlerProviderTests.cs,15
CS1591,6,OoBDev.MessageQueueing.Tests,src/Framework/OoBDev.MessageQueueing.Tests/Services/MessageHandlerProviderTests.cs,19
CS1591,6,OoBDev.MessageQueueing.Tests,src/Framework/OoBDev.MessageQueueing.Tests/Services/MessageReceiverProviderFactoryTests.cs,14
CS1591,6,OoBDev.MessageQueueing.Tests,src/Framework/OoBDev.MessageQueueing.Tests/Services/MessageReceiverProviderFactoryTests.cs,16
CS1591,6,OoBDev.MessageQueueing.Tests,src/Framework/OoBDev.MessageQueueing.Tests/Services/MessageReceiverProviderFactoryTests.cs,20
CS1591,6,OoBDev.MessageQueueing.Tests,src/Framework/OoBDev.MessageQueueing.Tests/Services/MessageReceiverProviderFactoryTests.cs,73
CS1591,6,OoBDev.MessageQueueing.Tests,src/Framework/OoBDev.MessageQueueing.Tests/TestItems/TestExceptionMessageSenderProvider.cs,7
CS1591,6,OoBDev.MessageQueueing.Tests,src/Framework/OoBDev.MessageQueueing.Tests/TestItems/TestExceptionMessageSenderProvider.cs,9
CS1591,6,OoBDev.MessageQueueing.Tests,src/Framework/OoBDev.MessageQueueing.Tests/TestItems/TestMessage.cs,3
CS1591,6,OoBDev.MessageQueueing.Tests,src/Framework/OoBDev.MessageQueueing.Tests/TestItems/TestMessageSenderProvider.cs,9
CS1591,6,OoBDev.MessageQueueing.Tests,src/Framework/OoBDev.MessageQueueing.Tests/TestItems/TestMessageSenderProvider.cs,9
CS1591,6,OoBDev.MessageQueueing.Tests,src/Framework/OoBDev.MessageQueueing.Tests/TestItems/TestMessageSenderProvider.cs,14
CS1591,6,OoBDev.MessageQueueing.Tests,src/Framework/OoBDev.MessageQueueing.Tests/TestItems/TestMessageSenderProvider.cs,19
CS1591,6,OoBDev.Microsoft.Azure.B2C.Tests,src/ExternalServices/Microsoft/OoBDev.Microsoft.Azure.B2C.Tests/ManageGraphUserIntegrationTests.cs,16
CS1591,6,OoBDev.Microsoft.Azure.B2C.Tests,src/ExternalServices/Microsoft/OoBDev.Microsoft.Azure.B2C.Tests/ManageGraphUserIntegrationTests.cs,18
CS1591,6,OoBDev.Microsoft.Azure.B2C.Tests,src/ExternalServices/Microsoft/OoBDev.Microsoft.Azure.B2C.Tests/ManageGraphUserIntegrationTests.cs,44
CS1591,6,OoBDev.Microsoft.Azure.B2C.Tests,src/ExternalServices/Microsoft/OoBDev.Microsoft.Azure.B2C.Tests/ManageGraphUserIntegrationTests.cs,75
CS1591,6,OoBDev.Microsoft.Azure.B2C.Tests,src/ExternalServices/Microsoft/OoBDev.Microsoft.Azure.B2C.Tests/ManageGraphUserIntegrationTests.cs,102
CS1591,6,OoBDev.Microsoft.Azure.StorageAccount.Tests,src/ExternalServices/Microsoft/OoBDev.Microsoft.Azure.StorageAccount.Tests/MessageQueueing/AzureStorageQueueMapperTests.cs,12
CS1591,6,OoBDev.Microsoft.Azure.StorageAccount.Tests,src/ExternalServices/Microsoft/OoBDev.Microsoft.Azure.StorageAccount.Tests/MessageQueueing/AzureStorageQueueMapperTests.cs,14
CS1591,6,OoBDev.Microsoft.Azure.StorageAccount.Tests,src/ExternalServices/Microsoft/OoBDev.Microsoft.Azure.StorageAccount.Tests/MessageQueueing/AzureStorageQueueMapperTests.cs,21
CS1591,6,OoBDev.Microsoft.Azure.StorageAccount.Tests,src/ExternalServices/Microsoft/OoBDev.Microsoft.Azure.StorageAccount.Tests/MessageQueueing/AzureStorageQueueMapperTests.cs,43
CS1591,6,OoBDev.Microsoft.Azure.StorageAccount.Tests,src/ExternalServices/Microsoft/OoBDev.Microsoft.Azure.StorageAccount.Tests/MessageQueueing/AzureStorageQueueMapperTests.cs,60
CS1591,6,OoBDev.Microsoft.Azure.StorageAccount.Tests,src/ExternalServices/Microsoft/OoBDev.Microsoft.Azure.StorageAccount.Tests/MessageQueueing/AzureStorageQueueMapperTests.cs,82
CS1591,6,OoBDev.Microsoft.Azure.StorageAccount.Tests,src/ExternalServices/Microsoft/OoBDev.Microsoft.Azure.StorageAccount.Tests/MessageQueueing/AzureStorageQueueMapperTests.cs,84
CS1591,6,OoBDev.Microsoft.Azure.StorageAccount.Tests,src/ExternalServices/Microsoft/OoBDev.Microsoft.Azure.StorageAccount.Tests/MessageQueueing/AzureStorageQueueMapperTests.cs,90
CS1591,6,OoBDev.Microsoft.Azure.StorageAccount.Tests,src/ExternalServices/Microsoft/OoBDev.Microsoft.Azure.StorageAccount.Tests/MessageQueueing/AzureStorageQueueMapperTests.cs,91
CS1591,6,OoBDev.Microsoft.Azure.StorageAccount.Tests,src/ExternalServices/Microsoft/OoBDev.Microsoft.Azure.StorageAccount.Tests/MessageQueueing/AzureStorageQueueMapperTests.cs,92
CS1591,6,OoBDev.Microsoft.Azure.StorageAccount.Tests,src/ExternalServices/Microsoft/OoBDev.Microsoft.Azure.StorageAccount.Tests/MessageQueueing/AzureStorageQueueMapperTests.cs,93
CS1591,6,OoBDev.Microsoft.Azure.StorageAccount.Tests,src/ExternalServices/Microsoft/OoBDev.Microsoft.Azure.StorageAccount.Tests/MessageQueueing/AzureStorageQueueMapperTests.cs,94
CS1591,6,OoBDev.Microsoft.Azure.StorageAccount.Tests,src/ExternalServices/Microsoft/OoBDev.Microsoft.Azure.StorageAccount.Tests/MessageQueueing/AzureStorageQueueMapperTests.cs,95
CS1591,6,OoBDev.Microsoft.Azure.StorageAccount.Tests,src/ExternalServices/Microsoft/OoBDev.Microsoft.Azure.StorageAccount.Tests/MessageQueueing/AzureStorageQueueMapperTests.cs,96
CS1591,6,OoBDev.Microsoft.Azure.StorageAccount.Tests,src/ExternalServices/Microsoft/OoBDev.Microsoft.Azure.StorageAccount.Tests/MessageQueueing/AzureStorageQueueMapperTests.cs,97
CS1591,6,OoBDev.Microsoft.Azure.StorageAccount.Tests,src/ExternalServices/Microsoft/OoBDev.Microsoft.Azure.StorageAccount.Tests/MessageQueueing/AzureStorageQueueMapperTests.cs,98
CS1591,6,OoBDev.Microsoft.Azure.StorageAccount.Tests,src/ExternalServices/Microsoft/OoBDev.Microsoft.Azure.StorageAccount.Tests/MessageQueueing/AzureStorageQueueMapperTests.cs,99
CS1591,6,OoBDev.Microsoft.Azure.StorageAccount.Tests,src/ExternalServices/Microsoft/OoBDev.Microsoft.Azure.StorageAccount.Tests/MessageQueueing/AzureStorageQueueMapperTests.cs,101
CS1591,6,OoBDev.Microsoft.Azure.StorageAccount.Tests,src/ExternalServices/Microsoft/OoBDev.Microsoft.Azure.StorageAccount.Tests/MessageQueueing/AzureStorageQueueMapperTests.cs,105
CS1591,6,OoBDev.Microsoft.Azure.StorageAccount.Tests,src/ExternalServices/Microsoft/OoBDev.Microsoft.Azure.StorageAccount.Tests/TestItems/TestMessageHandler.cs,10
CS1591,6,OoBDev.Microsoft.Azure.StorageAccount.Tests,src/ExternalServices/Microsoft/OoBDev.Microsoft.Azure.StorageAccount.Tests/TestItems/TestMessageHandler.cs,10
CS1591,6,OoBDev.Microsoft.Azure.StorageAccount.Tests,src/ExternalServices/Microsoft/OoBDev.Microsoft.Azure.StorageAccount.Tests/TestItems/TestMessageHandler.cs,17
CS1591,6,OoBDev.Microsoft.Azure.StorageAccount.Tests,src/ExternalServices/Microsoft/OoBDev.Microsoft.Azure.StorageAccount.Tests/TestItems/TestQueueMessage.cs,3
CS1591,6,OoBDev.Microsoft.Caching.Tests,src/ExternalServices/Microsoft/OoBDev.Microsoft.Caching.Tests/Examples/ExampleTests.cs,13
CS1591,6,OoBDev.Microsoft.Caching.Tests,src/ExternalServices/Microsoft/OoBDev.Microsoft.Caching.Tests/Examples/ExampleTests.cs,15
CS1591,6,OoBDev.Microsoft.Caching.Tests,src/ExternalServices/Microsoft/OoBDev.Microsoft.Caching.Tests/Examples/ExampleTests.cs,19
CS1591,6,OoBDev.Microsoft.Caching.Tests,src/ExternalServices/Microsoft/OoBDev.Microsoft.Caching.Tests/Examples/ExampleTests.cs,57
CS1591,6,OoBDev.Microsoft.Caching.Tests,src/ExternalServices/Microsoft/OoBDev.Microsoft.Caching.Tests/Examples/ExampleTests.cs,59
CS1591,6,OoBDev.Microsoft.Caching.Tests,src/ExternalServices/Microsoft/OoBDev.Microsoft.Caching.Tests/Examples/ExampleTests.cs,60
CS1591,6,OoBDev.Microsoft.Caching.Tests,src/ExternalServices/Microsoft/OoBDev.Microsoft.Caching.Tests/Examples/ExampleTests.cs,62
CS1591,6,OoBDev.Microsoft.Caching.Tests,src/ExternalServices/Microsoft/OoBDev.Microsoft.Caching.Tests/Examples/ExampleTests.cs,63
CS1591,6,OoBDev.Microsoft.Caching.Tests,src/ExternalServices/Microsoft/OoBDev.Microsoft.Caching.Tests/Examples/ExampleTests.cs,66
CS1591,6,OoBDev.Microsoft.Caching.Tests,src/ExternalServices/Microsoft/OoBDev.Microsoft.Caching.Tests/Examples/ExampleTests.cs,68
CS1591,6,OoBDev.Microsoft.Caching.Tests,src/ExternalServices/Microsoft/OoBDev.Microsoft.Caching.Tests/Examples/ExampleTests.cs,69
CS1591,6,OoBDev.Microsoft.Caching.Tests,src/ExternalServices/Microsoft/OoBDev.Microsoft.Caching.Tests/Examples/ExampleTests.cs,70
CS1591,6,OoBDev.Microsoft.Caching.Tests,src/ExternalServices/Microsoft/OoBDev.Microsoft.Caching.Tests/Examples/ExampleTests.cs,71
CS1591,6,OoBDev.Microsoft.Caching.Tests,src/ExternalServices/Microsoft/OoBDev.Microsoft.Caching.Tests/Examples/ExampleTests.cs,72
CS1591,6,OoBDev.Microsoft.Caching.Tests,src/ExternalServices/Microsoft/OoBDev.Microsoft.Caching.Tests/Examples/ExampleTests.cs,73
CS1591,6,OoBDev.Microsoft.Caching.Tests,src/ExternalServices/Microsoft/OoBDev.Microsoft.Caching.Tests/Examples/ExampleTests.cs,74
CS1591,6,OoBDev.Microsoft.Caching.Tests,src/ExternalServices/Microsoft/OoBDev.Microsoft.Caching.Tests/Examples/ExampleTests.cs,77
CS1591,6,OoBDev.Microsoft.Caching.Tests,src/ExternalServices/Microsoft/OoBDev.Microsoft.Caching.Tests/Examples/ExampleTests.cs,79
CS1591,6,OoBDev.Microsoft.Caching.Tests,src/ExternalServices/Microsoft/OoBDev.Microsoft.Caching.Tests/Examples/ExampleTests.cs,88
CS1591,6,OoBDev.Microsoft.Caching.Tests,src/ExternalServices/Microsoft/OoBDev.Microsoft.Caching.Tests/Examples/ExampleTests.cs,99
CS1591,6,OoBDev.Microsoft.Caching.Tests,src/ExternalServices/Microsoft/OoBDev.Microsoft.Caching.Tests/Examples/ExampleTests.cs,112
CS1591,6,OoBDev.Microsoft.Caching.Tests,src/ExternalServices/Microsoft/OoBDev.Microsoft.Caching.Tests/Examples/ExampleTests.cs,123
CS1591,6,OoBDev.Microsoft.Caching.Tests,src/ExternalServices/Microsoft/OoBDev.Microsoft.Caching.Tests/Examples/ExampleTests.cs,126
CS1591,6,OoBDev.Microsoft.Caching.Tests,src/ExternalServices/Microsoft/OoBDev.Microsoft.Caching.Tests/Examples/ExampleTests.cs,129
CS1591,6,OoBDev.Microsoft.Caching.Tests,src/ExternalServices/Microsoft/OoBDev.Microsoft.Caching.Tests/Providers/MicrosoftMemoryCachingProviderTests.cs,14
CS1591,6,OoBDev.Microsoft.Caching.Tests,src/ExternalServices/Microsoft/OoBDev.Microsoft.Caching.Tests/Providers/MicrosoftMemoryCachingProviderTests.cs,16
CS1591,6,OoBDev.Microsoft.Caching.Tests,src/ExternalServices/Microsoft/OoBDev.Microsoft.Caching.Tests/Providers/MicrosoftMemoryCachingProviderTests.cs,20
CS1591,6,OoBDev.Microsoft.SqlServer.DacFx.Tests,src/ExternalServices/Microsoft/OoBDev.Microsoft.SqlServer.DacFx.Tests/Class1.cs,9
CS1591,6,OoBDev.Microsoft.SqlServer.DacFx.Tests,src/ExternalServices/Microsoft/OoBDev.Microsoft.SqlServer.DacFx.Tests/Class1.cs,11
CS1591,6,OoBDev.Microsoft.SqlServer.DacFx.Tests,src/ExternalServices/Microsoft/OoBDev.Microsoft.SqlServer.DacFx.Tests/Class1.cs,14
CS1591,6,OoBDev.Microsoft.SqlServer.Server.Tests,src/ExternalServices/Microsoft/OoBDev.Microsoft.SqlServer.Server.Tests/SqlDatabaseMapperTests.cs,15
CS1591,6,OoBDev.Microsoft.SqlServer.Server.Tests,src/ExternalServices/Microsoft/OoBDev.Microsoft.SqlServer.Server.Tests/SqlDatabaseMapperTests.cs,17
CS1591,6,OoBDev.Microsoft.SqlServer.Server.Tests,src/ExternalServices/Microsoft/OoBDev.Microsoft.SqlServer.Server.Tests/SqlDatabaseMapperTests.cs,21
CS1591,6,OoBDev.Microsoft.SqlServer.Server.Tests,src/ExternalServices/Microsoft/OoBDev.Microsoft.SqlServer.Server.Tests/SqlDatabaseMapperTests.cs,45
CS1591,6,OoBDev.Microsoft.SqlServer.Server.Tests,src/ExternalServices/Microsoft/OoBDev.Microsoft.SqlServer.Server.Tests/SqlDatabaseMapperTests.cs,69
CS1591,6,OoBDev.Microsoft.SqlServer.Server.Tests,src/ExternalServices/Microsoft/OoBDev.Microsoft.SqlServer.Server.Tests/SqlDatabaseMapperTests.cs,93
CS1591,6,OoBDev.Microsoft.SqlServer.Server.Tests,src/ExternalServices/Microsoft/OoBDev.Microsoft.SqlServer.Server.Tests/SqlDatabaseMapperTests.cs,110
CS1591,6,OoBDev.Microsoft.SqlServer.Server.Tests,src/ExternalServices/Microsoft/OoBDev.Microsoft.SqlServer.Server.Tests/SqlDatabaseMapperTests.cs,148
CS1591,6,OoBDev.Microsoft.SqlServer.Server.Tests,src/ExternalServices/Microsoft/OoBDev.Microsoft.SqlServer.Server.Tests/SqlDatabaseMapperTests.cs,151
CS1591,6,OoBDev.Microsoft.SqlServer.Server.Tests,src/ExternalServices/Microsoft/OoBDev.Microsoft.SqlServer.Server.Tests/SqlDatabaseMapperTests.cs,154
CS1591,6,OoBDev.Microsoft.SqlServer.Server.Tests,src/ExternalServices/Microsoft/OoBDev.Microsoft.SqlServer.Server.Tests/SqlDatabaseMapperTests.cs,156
CS1591,6,OoBDev.MongoDB.Tests,src/ExternalServices/MongoDb/OoBDev.MongoDB.Tests/ITestMongoDatabase.cs,5
CS1591,6,OoBDev.MongoDB.Tests,src/ExternalServices/MongoDb/OoBDev.MongoDB.Tests/ITestMongoDatabase.cs,7
CS1591,6,OoBDev.MongoDB.Tests,src/ExternalServices/MongoDb/OoBDev.MongoDB.Tests/MongoDBIntegrationTests.cs,17
CS1591,6,OoBDev.MongoDB.Tests,src/ExternalServices/MongoDb/OoBDev.MongoDB.Tests/MongoDBIntegrationTests.cs,19
CS1591,6,OoBDev.MongoDB.Tests,src/ExternalServices/MongoDb/OoBDev.MongoDB.Tests/MongoDBIntegrationTests.cs,25
CS1591,6,OoBDev.MongoDB.Tests,src/ExternalServices/MongoDb/OoBDev.MongoDB.Tests/MongoDBIntegrationTests.cs,32
CS1591,6,OoBDev.MongoDB.Tests,src/ExternalServices/MongoDb/OoBDev.MongoDB.Tests/MongoDBIntegrationTests.cs,71
CS1591,6,OoBDev.MongoDB.Tests,src/ExternalServices/MongoDb/OoBDev.MongoDB.Tests/MongoDBIntegrationTests.cs,103
CS1591,6,OoBDev.MongoDB.Tests,src/ExternalServices/MongoDb/OoBDev.MongoDB.Tests/MongoDBIntegrationTests.cs,148
CS1591,6,OoBDev.MongoDB.Tests,src/ExternalServices/MongoDb/OoBDev.MongoDB.Tests/MongoDBIntegrationTests.cs,190
CS1591,6,OoBDev.MongoDB.Tests,src/ExternalServices/MongoDb/OoBDev.MongoDB.Tests/MongoDBIntegrationTests.cs,235
CS1591,6,OoBDev.MongoDB.Tests,src/ExternalServices/MongoDb/OoBDev.MongoDB.Tests/MongoDBIntegrationTests.cs,274
CS1591,6,OoBDev.MongoDB.Tests,src/ExternalServices/MongoDb/OoBDev.MongoDB.Tests/MongoQueryFixes.cs,6
CS1591,6,OoBDev.MongoDB.Tests,src/ExternalServices/MongoDb/OoBDev.MongoDB.Tests/MongoQueryFixes.cs,8
CS1591,6,OoBDev.MongoDB.Tests,src/ExternalServices/MongoDb/OoBDev.MongoDB.Tests/TestCollection.cs,6
CS1591,6,OoBDev.MongoDB.Tests,src/ExternalServices/MongoDb/OoBDev.MongoDB.Tests/TestCollection.cs,9
CS1591,6,OoBDev.MongoDB.Tests,src/ExternalServices/MongoDb/OoBDev.MongoDB.Tests/TestCollection.cs,11
CS1591,6,OoBDev.MongoDB.Tests,src/ExternalServices/MongoDb/OoBDev.MongoDB.Tests/TestCollection.cs,12
CS1591,6,OoBDev.MongoDB.Tests,src/ExternalServices/MongoDb/OoBDev.MongoDB.Tests/TestCollection.cs,13
CS1591,6,OoBDev.MysticMind.Tests,src/ExternalServices/MysticMind/OoBDev.MysticMind.Tests/HtmlToMarkdownConversionHandlerTests.cs,13
CS1591,6,OoBDev.MysticMind.Tests,src/ExternalServices/MysticMind/OoBDev.MysticMind.Tests/HtmlToMarkdownConversionHandlerTests.cs,15
CS1591,6,OoBDev.MysticMind.Tests,src/ExternalServices/MysticMind/OoBDev.MysticMind.Tests/HtmlToMarkdownConversionHandlerTests.cs,28
CS1591,6,OoBDev.Ollama.Tests,src/ExternalServices/Ollama/OoBDev.Ollama.Tests/OllamaApiClientTests.cs,26
CS1591,6,OoBDev.Ollama.Tests,src/ExternalServices/Ollama/OoBDev.Ollama.Tests/OllamaApiClientTests.cs,29
CS1591,6,OoBDev.Ollama.Tests,src/ExternalServices/Ollama/OoBDev.Ollama.Tests/OllamaApiClientTests.cs,112
CS1591,6,OoBDev.Ollama.Tests,src/ExternalServices/Ollama/OoBDev.Ollama.Tests/OllamaApiClientTests.cs,132
CS1591,6,OoBDev.Ollama.Tests,src/ExternalServices/Ollama/OoBDev.Ollama.Tests/OllamaApiClientTests.cs,152
CS1591,6,OoBDev.Ollama.Tests,src/ExternalServices/Ollama/OoBDev.Ollama.Tests/OllamaApiClientTests.cs,183
CS1591,6,OoBDev.Ollama.Tests,src/ExternalServices/Ollama/OoBDev.Ollama.Tests/OllamaApiClientTests.cs,216
CS1591,6,OoBDev.Ollama.Tests,src/ExternalServices/Ollama/OoBDev.Ollama.Tests/OllamaApiClientTests.cs,250
CS1591,6,OoBDev.Ollama.Tests,src/ExternalServices/Ollama/OoBDev.Ollama.Tests/OllamaApiClientTests.cs,269
CS1591,6,OoBDev.Ollama.Tests,src/ExternalServices/Ollama/OoBDev.Ollama.Tests/OllamaApiClientTests.cs,288
CS1591,6,OoBDev.Ollama.Tests,src/ExternalServices/Ollama/OoBDev.Ollama.Tests/OllamaHealthCheckTests.cs,14
CS1591,6,OoBDev.Ollama.Tests,src/ExternalServices/Ollama/OoBDev.Ollama.Tests/OllamaHealthCheckTests.cs,16
CS1591,6,OoBDev.Ollama.Tests,src/ExternalServices/Ollama/OoBDev.Ollama.Tests/OllamaHealthCheckTests.cs,20
CS1591,6,OoBDev.Ollama.Tests,src/ExternalServices/Ollama/OoBDev.Ollama.Tests/OllamaHealthCheckTests.cs,53
CS1591,6,OoBDev.OpenSearch.Tests,src/ExternalServices/OpenSearch/OoBDev.OpenSearch.Tests/OpenSearchTests.cs,10
CS1591,6,OoBDev.OpenSearch.Tests,src/ExternalServices/OpenSearch/OoBDev.OpenSearch.Tests/OpenSearchTests.cs,14
CS1591,6,OoBDev.OpenSearch.Tests,src/ExternalServices/OpenSearch/OoBDev.OpenSearch.Tests/OpenSearchTests.cs,20
CS1591,6,OoBDev.OpenSearch.Tests,src/ExternalServices/OpenSearch/OoBDev.OpenSearch.Tests/OpenSearchTests.cs,27
CS1591,6,OoBDev.OpenSearch.Tests,src/ExternalServices/OpenSearch/OoBDev.OpenSearch.Tests/OpenSearchTests.cs,62
CS1591,6,OoBDev.OpenSearch.Tests,src/ExternalServices/OpenSearch/OoBDev.OpenSearch.Tests/OpenSearchTests.cs,82
CS1591,6,OoBDev.Redis.Caching.Tests,src/ExternalServices/Redis/OoBDev.Redis.Caching.Tests/Examples/ExampleTests.cs,15
CS1591,6,OoBDev.Redis.Caching.Tests,src/ExternalServices/Redis/OoBDev.Redis.Caching.Tests/Examples/ExampleTests.cs,17
CS1591,6,OoBDev.Redis.Caching.Tests,src/ExternalServices/Redis/OoBDev.Redis.Caching.Tests/Examples/ExampleTests.cs,21
CS1591,6,OoBDev.Redis.Caching.Tests,src/ExternalServices/Redis/OoBDev.Redis.Caching.Tests/Examples/ExampleTests.cs,65
CS1591,6,OoBDev.Redis.Caching.Tests,src/ExternalServices/Redis/OoBDev.Redis.Caching.Tests/Examples/ExampleTests.cs,67
CS1591,6,OoBDev.Redis.Caching.Tests,src/ExternalServices/Redis/OoBDev.Redis.Caching.Tests/Examples/ExampleTests.cs,68
CS1591,6,OoBDev.Redis.Caching.Tests,src/ExternalServices/Redis/OoBDev.Redis.Caching.Tests/Examples/ExampleTests.cs,70
CS1591,6,OoBDev.Redis.Caching.Tests,src/ExternalServices/Redis/OoBDev.Redis.Caching.Tests/Examples/ExampleTests.cs,71
CS1591,6,OoBDev.Redis.Caching.Tests,src/ExternalServices/Redis/OoBDev.Redis.Caching.Tests/Examples/ExampleTests.cs,74
CS1591,6,OoBDev.Redis.Caching.Tests,src/ExternalServices/Redis/OoBDev.Redis.Caching.Tests/Examples/ExampleTests.cs,76
CS1591,6,OoBDev.Redis.Caching.Tests,src/ExternalServices/Redis/OoBDev.Redis.Caching.Tests/Examples/ExampleTests.cs,77
CS1591,6,OoBDev.Redis.Caching.Tests,src/ExternalServices/Redis/OoBDev.Redis.Caching.Tests/Examples/ExampleTests.cs,78
CS1591,6,OoBDev.Redis.Caching.Tests,src/ExternalServices/Redis/OoBDev.Redis.Caching.Tests/Examples/ExampleTests.cs,79
CS1591,6,OoBDev.Redis.Caching.Tests,src/ExternalServices/Redis/OoBDev.Redis.Caching.Tests/Examples/ExampleTests.cs,80
CS1591,6,OoBDev.Redis.Caching.Tests,src/ExternalServices/Redis/OoBDev.Redis.Caching.Tests/Examples/ExampleTests.cs,81
CS1591,6,OoBDev.Redis.Caching.Tests,src/ExternalServices/Redis/OoBDev.Redis.Caching.Tests/Examples/ExampleTests.cs,82
CS1591,6,OoBDev.Redis.Caching.Tests,src/ExternalServices/Redis/OoBDev.Redis.Caching.Tests/Examples/ExampleTests.cs,85
CS1591,6,OoBDev.Redis.Caching.Tests,src/ExternalServices/Redis/OoBDev.Redis.Caching.Tests/Examples/ExampleTests.cs,87
CS1591,6,OoBDev.Redis.Caching.Tests,src/ExternalServices/Redis/OoBDev.Redis.Caching.Tests/Examples/ExampleTests.cs,96
CS1591,6,OoBDev.Redis.Caching.Tests,src/ExternalServices/Redis/OoBDev.Redis.Caching.Tests/Examples/ExampleTests.cs,107
CS1591,6,OoBDev.Redis.Caching.Tests,src/ExternalServices/Redis/OoBDev.Redis.Caching.Tests/Examples/ExampleTests.cs,120
CS1591,6,OoBDev.Redis.Caching.Tests,src/ExternalServices/Redis/OoBDev.Redis.Caching.Tests/Examples/ExampleTests.cs,131
CS1591,6,OoBDev.Redis.Caching.Tests,src/ExternalServices/Redis/OoBDev.Redis.Caching.Tests/Examples/ExampleTests.cs,134
CS1591,6,OoBDev.Redis.Caching.Tests,src/ExternalServices/Redis/OoBDev.Redis.Caching.Tests/Examples/ExampleTests.cs,137
CS1591,6,OoBDev.Redis.Caching.Tests,src/ExternalServices/Redis/OoBDev.Redis.Caching.Tests/Providers/RedisCachingProviderDevLocalTests.cs,12
CS1591,6,OoBDev.Redis.Caching.Tests,src/ExternalServices/Redis/OoBDev.Redis.Caching.Tests/Providers/RedisCachingProviderDevLocalTests.cs,14
CS1591,6,OoBDev.Redis.Caching.Tests,src/ExternalServices/Redis/OoBDev.Redis.Caching.Tests/Providers/RedisCachingProviderDevLocalTests.cs,35
CS1591,6,OoBDev.Redis.Caching.Tests,src/ExternalServices/Redis/OoBDev.Redis.Caching.Tests/Providers/RedisCachingProviderDevLocalTests.cs,55
CS1591,6,OoBDev.Redis.Caching.Tests,src/ExternalServices/Redis/OoBDev.Redis.Caching.Tests/Providers/RedisCachingProviderDevLocalTests.cs,78
CS1591,6,OoBDev.Redis.Caching.Tests,src/ExternalServices/Redis/OoBDev.Redis.Caching.Tests/Providers/RedisCachingProviderTests.cs,14
CS1591,6,OoBDev.Redis.Caching.Tests,src/ExternalServices/Redis/OoBDev.Redis.Caching.Tests/Providers/RedisCachingProviderTests.cs,16
CS1591,6,OoBDev.Redis.Caching.Tests,src/ExternalServices/Redis/OoBDev.Redis.Caching.Tests/Providers/RedisCachingProviderTests.cs,25
CS1591,6,OoBDev.Redis.Caching.Tests,src/ExternalServices/Redis/OoBDev.Redis.Caching.Tests/Providers/RedisCachingProviderTests.cs,42
CS1591,6,OoBDev.Redis.Caching.Tests,src/ExternalServices/Redis/OoBDev.Redis.Caching.Tests/Providers/RedisCachingProviderTests.cs,63
CS1591,6,OoBDev.Redis.Caching.Tests,src/ExternalServices/Redis/OoBDev.Redis.Caching.Tests/Providers/RedisCachingProviderTests.cs,88
CS1591,6,OoBDev.Redis.Caching.Tests,src/ExternalServices/Redis/OoBDev.Redis.Caching.Tests/Providers/RedisCachingProviderTests.cs,111
CS1591,6,OoBDev.Redis.Caching.Tests,src/ExternalServices/Redis/OoBDev.Redis.Caching.Tests/Providers/RedisCachingProviderTests.cs,143
CS1591,6,OoBDev.Redis.Caching.Tests,src/ExternalServices/Redis/OoBDev.Redis.Caching.Tests/Providers/RedisCachingProviderTests.cs,164
CS1591,6,OoBDev.SBert.Tests,src/ExternalServices/SBert/OoBDev.SBert.Tests/SbertHealthCheckTests.cs,10
CS1591,6,OoBDev.SBert.Tests,src/ExternalServices/SBert/OoBDev.SBert.Tests/SbertHealthCheckTests.cs,12
CS1591,6,OoBDev.SBert.Tests,src/ExternalServices/SBert/OoBDev.SBert.Tests/SbertHealthCheckTests.cs,16
CS1591,6,OoBDev.SBert.Tests,src/ExternalServices/SBert/OoBDev.SBert.Tests/SbertHealthCheckTests.cs,49
CS1591,6,OoBDev.SBert.Tests,src/ExternalServices/SBert/OoBDev.SBert.Tests/SentenceEmbeddingClientTests.cs,14
CS1591,6,OoBDev.SBert.Tests,src/ExternalServices/SBert/OoBDev.SBert.Tests/SentenceEmbeddingClientTests.cs,16
CS1591,6,OoBDev.SBert.Tests,src/ExternalServices/SBert/OoBDev.SBert.Tests/SentenceEmbeddingClientTests.cs,34
CS1591,6,OoBDev.SBert.Tests,src/ExternalServices/SBert/OoBDev.SBert.Tests/SentenceEmbeddingClientTests.cs,45
CS1591,6,OoBDev.System.Tests,src/Framework/OoBDev.System.Tests/ByteExTests.cs,9
CS1591,6,OoBDev.System.Tests,src/Framework/OoBDev.System.Tests/ByteExTests.cs,12
CS1591,6,OoBDev.System.Tests,src/Framework/OoBDev.System.Tests/ByteExTests.cs,21
CS1591,6,OoBDev.System.Tests,src/Framework/OoBDev.System.Tests/Codecs/Base32CodecTests.cs,9
CS1591,6,OoBDev.System.Tests,src/Framework/OoBDev.System.Tests/Codecs/Base32CodecTests.cs,12
CS1591,6,OoBDev.System.Tests,src/Framework/OoBDev.System.Tests/Codecs/Base32CodecTests.cs,34
CS1591,6,OoBDev.System.Tests,src/Framework/OoBDev.System.Tests/Codecs/MorseCodeTests.cs,8
CS1591,6,OoBDev.System.Tests,src/Framework/OoBDev.System.Tests/Codecs/MorseCodeTests.cs,10
CS1591,6,OoBDev.System.Tests,src/Framework/OoBDev.System.Tests/Codecs/MorseCodeTests.cs,17
CS1591,6,OoBDev.System.Tests,src/Framework/OoBDev.System.Tests/Codecs/MorseCodeTests.cs,28
CS1591,6,OoBDev.System.Tests,src/Framework/OoBDev.System.Tests/Codecs/RomanNumeralTests.cs,8
CS1591,6,OoBDev.System.Tests,src/Framework/OoBDev.System.Tests/Codecs/RomanNumeralTests.cs,10
CS1591,6,OoBDev.System.Tests,src/Framework/OoBDev.System.Tests/Codecs/RomanNumeralTests.cs,29
CS1591,6,OoBDev.System.Tests,src/Framework/OoBDev.System.Tests/Codecs/RomanNumeralTests.cs,49
CS1591,6,OoBDev.System.Tests,src/Framework/OoBDev.System.Tests/Collections/ReversableEnumeratorTests.cs,9
CS1591,6,OoBDev.System.Tests,src/Framework/OoBDev.System.Tests/Collections/ReversableEnumeratorTests.cs,11
CS1591,6,OoBDev.System.Tests,src/Framework/OoBDev.System.Tests/Collections/ReversableEnumeratorTests.cs,14
CS1591,6,OoBDev.System.Tests,src/Framework/OoBDev.System.Tests/ComponentModel/DataConverterTests.cs,10
CS1591,6,OoBDev.System.Tests,src/Framework/OoBDev.System.Tests/ComponentModel/DataConverterTests.cs,12
CS1591,6,OoBDev.System.Tests,src/Framework/OoBDev.System.Tests/ComponentModel/DataConverterTests.cs,31
CS1591,6,OoBDev.System.Tests,src/Framework/OoBDev.System.Tests/ComponentModel/DataConverterTests.cs,51
CS1591,6,OoBDev.System.Tests,src/Framework/OoBDev.System.Tests/ComponentModel/Validations/ZipCodeAttributeTests.cs,8
CS1591,6,OoBDev.System.Tests,src/Framework/OoBDev.System.Tests/ComponentModel/Validations/ZipCodeAttributeTests.cs,10
CS1591,6,OoBDev.System.Tests,src/Framework/OoBDev.System.Tests/ComponentModel/Validations/ZipCodeAttributeTests.cs,22
CS1591,6,OoBDev.System.Tests,src/Framework/OoBDev.System.Tests/ComponentModel/Validations/ZipCodesAttributeTests.cs,8
CS1591,6,OoBDev.System.Tests,src/Framework/OoBDev.System.Tests/ComponentModel/Validations/ZipCodesAttributeTests.cs,10
CS1591,6,OoBDev.System.Tests,src/Framework/OoBDev.System.Tests/ComponentModel/Validations/ZipCodesAttributeTests.cs,22
CS1591,6,OoBDev.System.Tests,src/Framework/OoBDev.System.Tests/Cryptography/CaesarTests.cs,8
CS1591,6,OoBDev.System.Tests,src/Framework/OoBDev.System.Tests/Cryptography/CaesarTests.cs,10
CS1591,6,OoBDev.System.Tests,src/Framework/OoBDev.System.Tests/Cryptography/CaesarTests.cs,18
CS1591,6,OoBDev.System.Tests,src/Framework/OoBDev.System.Tests/Cryptography/CaesarTests.cs,31
CS1591,6,OoBDev.System.Tests,src/Framework/OoBDev.System.Tests/Cryptography/Enigma/EnigmaMachineTests.cs,10
CS1591,6,OoBDev.System.Tests,src/Framework/OoBDev.System.Tests/Cryptography/Enigma/EnigmaMachineTests.cs,14
CS1591,6,OoBDev.System.Tests,src/Framework/OoBDev.System.Tests/Cryptography/Lorenz/LorenzMachineTests.cs,8
CS1591,6,OoBDev.System.Tests,src/Framework/OoBDev.System.Tests/Cryptography/Lorenz/LorenzMachineTests.cs,10
CS1591,6,OoBDev.System.Tests,src/Framework/OoBDev.System.Tests/Cryptography/Lorenz/LorenzMachineTests.cs,13
CS1591,6,OoBDev.System.Tests,src/Framework/OoBDev.System.Tests/Cryptography/VigenereTests.cs,8
CS1591,6,OoBDev.System.Tests,src/Framework/OoBDev.System.Tests/Cryptography/VigenereTests.cs,10
CS1591,6,OoBDev.System.Tests,src/Framework/OoBDev.System.Tests/Cryptography/VigenereTests.cs,18
CS1591,6,OoBDev.System.Tests,src/Framework/OoBDev.System.Tests/Cryptography/VigenereTests.cs,31
CS1591,6,OoBDev.System.Tests,src/Framework/OoBDev.System.Tests/DateTimeExTests.cs,8
CS1591,6,OoBDev.System.Tests,src/Framework/OoBDev.System.Tests/DateTimeExTests.cs,11
CS1591,6,OoBDev.System.Tests,src/Framework/OoBDev.System.Tests/DateTimeExTests.cs,23
CS1591,6,OoBDev.System.Tests,src/Framework/OoBDev.System.Tests/ExpressionCalculator/Evaluators/ExpressionEvaluatorExtensionsTests.cs,8
CS1591,6,OoBDev.System.Tests,src/Framework/OoBDev.System.Tests/ExpressionCalculator/Evaluators/ExpressionEvaluatorExtensionsTests.cs,10
CS1591,6,OoBDev.System.Tests,src/Framework/OoBDev.System.Tests/ExpressionCalculator/Evaluators/ExpressionEvaluatorExtensionsTests.cs,14
CS1591,6,OoBDev.System.Tests,src/Framework/OoBDev.System.Tests/ExpressionCalculator/Evaluators/ExpressionEvaluatorExtensionsTests.cs,24
CS1591,6,OoBDev.System.Tests,src/Framework/OoBDev.System.Tests/ExpressionCalculator/Evaluators/ExpressionEvaluatorExtensionsTests.cs,34
CS1591,6,OoBDev.System.Tests,src/Framework/OoBDev.System.Tests/ExpressionCalculator/Evaluators/ExpressionEvaluatorExtensionsTests.cs,44
CS1591,6,OoBDev.System.Tests,src/Framework/OoBDev.System.Tests/ExpressionCalculator/Expressions/ExpressionBaseExtensionsTests.cs,9
CS1591,6,OoBDev.System.Tests,src/Framework/OoBDev.System.Tests/ExpressionCalculator/Expressions/ExpressionBaseExtensionsTests.cs,11
CS1591,6,OoBDev.System.Tests,src/Framework/OoBDev.System.Tests/ExpressionCalculator/Expressions/ExpressionBaseExtensionsTests.cs,15
CS1591,6,OoBDev.System.Tests,src/Framework/OoBDev.System.Tests/ExpressionCalculator/Expressions/ExpressionBaseExtensionsTests.cs,39
CS1591,6,OoBDev.System.Tests,src/Framework/OoBDev.System.Tests/ExpressionCalculator/Expressions/ExpressionBaseExtensionsTests.cs,63
CS1591,6,OoBDev.System.Tests,src/Framework/OoBDev.System.Tests/ExpressionCalculator/Expressions/ExpressionBaseTests.cs,8
CS1591,6,OoBDev.System.Tests,src/Framework/OoBDev.System.Tests/ExpressionCalculator/Expressions/ExpressionBaseTests.cs,12
CS1591,6,OoBDev.System.Tests,src/Framework/OoBDev.System.Tests/ExpressionCalculator/Expressions/ExpressionBaseTests.cs,22
CS1591,6,OoBDev.System.Tests,src/Framework/OoBDev.System.Tests/ExpressionCalculator/Expressions/ExpressionBaseTests.cs,32
CS1591,6,OoBDev.System.Tests,src/Framework/OoBDev.System.Tests/ExpressionCalculator/Expressions/ExpressionBaseTests.cs,42
CS1591,6,OoBDev.System.Tests,src/Framework/OoBDev.System.Tests/ExpressionCalculator/Expressions/ExpressionBaseTests.cs,50
CS1591,6,OoBDev.System.Tests,src/Framework/OoBDev.System.Tests/ExpressionCalculator/Expressions/ExpressionBaseTests.cs,59
CS1591,6,OoBDev.System.Tests,src/Framework/OoBDev.System.Tests/ExpressionCalculator/Expressions/NumberExpressionTests.cs,8
CS1591,6,OoBDev.System.Tests,src/Framework/OoBDev.System.Tests/ExpressionCalculator/Expressions/NumberExpressionTests.cs,12
CS1591,6,OoBDev.System.Tests,src/Framework/OoBDev.System.Tests/ExpressionCalculator/Expressions/NumberExpressionTests.cs,19
CS1591,6,OoBDev.System.Tests,src/Framework/OoBDev.System.Tests/ExpressionCalculator/Expressions/NumberExpressionTests.cs,27
CS1591,6,OoBDev.System.Tests,src/Framework/OoBDev.System.Tests/ExpressionCalculator/Expressions/NumberExpressionTests.cs,36
CS1591,6,OoBDev.System.Tests,src/Framework/OoBDev.System.Tests/ExpressionCalculator/Expressions/NumberExpressionTests.cs,44
CS1591,6,OoBDev.System.Tests,src/Framework/OoBDev.System.Tests/ExpressionCalculator/Expressions/VariableExpressionTests.cs,9
CS1591,6,OoBDev.System.Tests,src/Framework/OoBDev.System.Tests/ExpressionCalculator/Expressions/VariableExpressionTests.cs,13
CS1591,6,OoBDev.System.Tests,src/Framework/OoBDev.System.Tests/ExpressionCalculator/Expressions/VariableExpressionTests.cs,20
CS1591,6,OoBDev.System.Tests,src/Framework/OoBDev.System.Tests/ExpressionCalculator/Expressions/VariableExpressionTests.cs,28
CS1591,6,OoBDev.System.Tests,src/Framework/OoBDev.System.Tests/ExpressionCalculator/Expressions/VariableExpressionTests.cs,37
CS1591,6,OoBDev.System.Tests,src/Framework/OoBDev.System.Tests/ExpressionCalculator/Expressions/VariableExpressionTests.cs,45
CS1591,6,OoBDev.System.Tests,src/Framework/OoBDev.System.Tests/ExpressionCalculator/Expressions/VariableExpressionTests.cs,54
CS1591,6,OoBDev.System.Tests,src/Framework/OoBDev.System.Tests/ExpressionCalculator/Expressions/VariableExpressionTests.cs,58
CS1591,6,OoBDev.System.Tests,src/Framework/OoBDev.System.Tests/ExpressionCalculator/Parser/ExpressionParserTests.cs,15
CS1591,6,OoBDev.System.Tests,src/Framework/OoBDev.System.Tests/ExpressionCalculator/Parser/ExpressionParserTests.cs,19
CS1591,6,OoBDev.System.Tests,src/Framework/OoBDev.System.Tests/ExpressionCalculator/Parser/ExpressionParserTests.cs,23
CS1591,6,OoBDev.System.Tests,src/Framework/OoBDev.System.Tests/ExpressionCalculator/Parser/ExpressionParserTests.cs,28
CS1591,6,OoBDev.System.Tests,src/Framework/OoBDev.System.Tests/ExpressionCalculator/Parser/ExpressionParserTests.cs,30
CS1591,6,OoBDev.System.Tests,src/Framework/OoBDev.System.Tests/ExpressionCalculator/Parser/ExpressionParserTests.cs,33
CS1591,6,OoBDev.System.Tests,src/Framework/OoBDev.System.Tests/ExpressionCalculator/Parser/ExpressionParserTests.cs,35
CS1591,6,OoBDev.System.Tests,src/Framework/OoBDev.System.Tests/ExpressionCalculator/Parser/ExpressionParserTests.cs,38
CS1591,6,OoBDev.System.Tests,src/Framework/OoBDev.System.Tests/ExpressionCalculator/Parser/ExpressionParserTests.cs,40
CS1591,6,OoBDev.System.Tests,src/Framework/OoBDev.System.Tests/ExpressionCalculator/Parser/ExpressionParserTests.cs,43
CS1591,6,OoBDev.System.Tests,src/Framework/OoBDev.System.Tests/ExpressionCalculator/Parser/ExpressionParserTests.cs,45
CS1591,6,OoBDev.System.Tests,src/Framework/OoBDev.System.Tests/ExpressionCalculator/Parser/ExpressionParserTests.cs,49
CS1591,6,OoBDev.System.Tests,src/Framework/OoBDev.System.Tests/ExpressionCalculator/Parser/ExpressionParserTests.cs,51
CS1591,6,OoBDev.System.Tests,src/Framework/OoBDev.System.Tests/ExpressionCalculator/Parser/ExpressionParserTests.cs,54
CS1591,6,OoBDev.System.Tests,src/Framework/OoBDev.System.Tests/ExpressionCalculator/Parser/ExpressionParserTests.cs,56
CS1591,6,OoBDev.System.Tests,src/Framework/OoBDev.System.Tests/ExpressionCalculator/Parser/ExpressionParserTests.cs,59
CS1591,6,OoBDev.System.Tests,src/Framework/OoBDev.System.Tests/ExpressionCalculator/Parser/ExpressionParserTests.cs,61
CS1591,6,OoBDev.System.Tests,src/Framework/OoBDev.System.Tests/ExpressionCalculator/Parser/ExpressionParserTests.cs,64
CS1591,6,OoBDev.System.Tests,src/Framework/OoBDev.System.Tests/ExpressionCalculator/Parser/ExpressionParserTests.cs,66
CS1591,6,OoBDev.System.Tests,src/Framework/OoBDev.System.Tests/ExpressionCalculator/Parser/ExpressionParserTests.cs,71
CS1591,6,OoBDev.System.Tests,src/Framework/OoBDev.System.Tests/ExpressionCalculator/Parser/ExpressionParserTests.cs,78
CS1591,6,OoBDev.System.Tests,src/Framework/OoBDev.System.Tests/ExpressionCalculator/Parser/ExpressionParserTests.cs,87
CS1591,6,OoBDev.System.Tests,src/Framework/OoBDev.System.Tests/ExpressionCalculator/Parser/ExpressionParserTests.cs,102
CS1591,6,OoBDev.System.Tests,src/Framework/OoBDev.System.Tests/ExpressionCalculator/Parser/ExpressionParserTests.cs,131
CS1591,6,OoBDev.System.Tests,src/Framework/OoBDev.System.Tests/ExpressionCalculator/Parser/ExpressionParserTests.cs,188
CS1591,6,OoBDev.System.Tests,src/Framework/OoBDev.System.Tests/ExpressionCalculator/Parser/ExpressionParserTests.cs,222
CS1591,6,OoBDev.System.Tests,src/Framework/OoBDev.System.Tests/ExpressionCalculator/Parser/ExpressionParserTests.cs,235
CS1591,6,OoBDev.System.Tests,src/Framework/OoBDev.System.Tests/ExpressionCalculator/Parser/ExpressionParserTests.cs,316
CS1591,6,OoBDev.System.Tests,src/Framework/OoBDev.System.Tests/IO/PathExTests.cs,8
CS1591,6,OoBDev.System.Tests,src/Framework/OoBDev.System.Tests/IO/PathExTests.cs,10
CS1591,6,OoBDev.System.Tests,src/Framework/OoBDev.System.Tests/IO/PathExTests.cs,13
CS1591,6,OoBDev.System.Tests,src/Framework/OoBDev.System.Tests/IO/PathNavigatorFactoryTests.cs,9
CS1591,6,OoBDev.System.Tests,src/Framework/OoBDev.System.Tests/IO/PathNavigatorFactoryTests.cs,11
CS1591,6,OoBDev.System.Tests,src/Framework/OoBDev.System.Tests/IO/PathNavigatorFactoryTests.cs,14
CS1591,6,OoBDev.System.Tests,src/Framework/OoBDev.System.Tests/IO/StreamExTests.cs,11
CS1591,6,OoBDev.System.Tests,src/Framework/OoBDev.System.Tests/IO/StreamExTests.cs,13
CS1591,6,OoBDev.System.Tests,src/Framework/OoBDev.System.Tests/IO/StreamExTests.cs,16
CS1591,6,OoBDev.System.Tests,src/Framework/OoBDev.System.Tests/IO/TempFileHandleTests.cs,9
CS1591,6,OoBDev.System.Tests,src/Framework/OoBDev.System.Tests/IO/TempFileHandleTests.cs,11
CS1591,6,OoBDev.System.Tests,src/Framework/OoBDev.System.Tests/IO/TempFileHandleTests.cs,14
CS1591,6,OoBDev.System.Tests,src/Framework/OoBDev.System.Tests/IO/UsbHids/SampleUsageTests.cs,10
CS1591,6,OoBDev.System.Tests,src/Framework/OoBDev.System.Tests/IO/UsbHids/SampleUsageTests.cs,12
CS1591,6,OoBDev.System.Tests,src/Framework/OoBDev.System.Tests/IO/UsbHids/SampleUsageTests.cs,15
CS1591,6,OoBDev.System.Tests,src/Framework/OoBDev.System.Tests/IO/UsbHids/SampleUsageTests.cs,28
CS1591,6,OoBDev.System.Tests,src/Framework/OoBDev.System.Tests/IO/UsbHids/SampleUsageTests.cs,45
CS1591,6,OoBDev.System.Tests,src/Framework/OoBDev.System.Tests/Linq/Expressions/ExpressionTreeBuilderTests.cs,9
CS1591,6,OoBDev.System.Tests,src/Framework/OoBDev.System.Tests/Linq/Expressions/ExpressionTreeBuilderTests.cs,11
CS1591,6,OoBDev.System.Tests,src/Framework/OoBDev.System.Tests/Linq/Expressions/ExpressionTreeBuilderTests.cs,15
CS1591,6,OoBDev.System.Tests,src/Framework/OoBDev.System.Tests/Linq/Expressions/ExpressionTreeBuilderTests.cs,22
CS1591,6,OoBDev.System.Tests,src/Framework/OoBDev.System.Tests/Linq/Expressions/ExpressionTreeBuilderTests.cs,29
CS1591,6,OoBDev.System.Tests,src/Framework/OoBDev.System.Tests/Linq/Expressions/ExpressionTreeBuilderTests.cs,37
CS1591,6,OoBDev.System.Tests,src/Framework/OoBDev.System.Tests/Linq/Expressions/ExpressionTreeBuilderTests.cs,44
CS1591,6,OoBDev.System.Tests,src/Framework/OoBDev.System.Tests/Linq/Expressions/ExpressionTreeBuilderTests.cs,51
CS1591,6,OoBDev.System.Tests,src/Framework/OoBDev.System.Tests/Linq/Expressions/ExpressionTreeBuilderTests.cs,59
CS1591,6,OoBDev.System.Tests,src/Framework/OoBDev.System.Tests/Linq/Expressions/ExpressionTreeBuilderTests.cs,66
CS1591,6,OoBDev.System.Tests,src/Framework/OoBDev.System.Tests/Linq/Expressions/ExpressionTreeBuilderTests.cs,73
CS1591,6,OoBDev.System.Tests,src/Framework/OoBDev.System.Tests/Linq/Expressions/SkipInstanceMethodOnNullExpressionVisitorTests.cs,10
CS1591,6,OoBDev.System.Tests,src/Framework/OoBDev.System.Tests/Linq/Expressions/SkipInstanceMethodOnNullExpressionVisitorTests.cs,12
CS1591,6,OoBDev.System.Tests,src/Framework/OoBDev.System.Tests/Linq/Expressions/SkipInstanceMethodOnNullExpressionVisitorTests.cs,21
CS1591,6,OoBDev.System.Tests,src/Framework/OoBDev.System.Tests/Linq/Expressions/SkipMemberOnNullExpressionVisitorTests.cs,10
CS1591,6,OoBDev.System.Tests,src/Framework/OoBDev.System.Tests/Linq/Expressions/SkipMemberOnNullExpressionVisitorTests.cs,12
CS1591,6,OoBDev.System.Tests,src/Framework/OoBDev.System.Tests/Linq/Expressions/SkipMemberOnNullExpressionVisitorTests.cs,16
CS1591,6,OoBDev.System.Tests,src/Framework/OoBDev.System.Tests/Linq/Expressions/SkipMemberOnNullExpressionVisitorTests.cs,39
CS1591,6,OoBDev.System.Tests,src/Framework/OoBDev.System.Tests/Linq/Expressions/SkipMemberOnNullExpressionVisitorTests.cs,60
CS1591,6,OoBDev.System.Tests,src/Framework/OoBDev.System.Tests/Linq/Expressions/StringComparisonReplacementExpressionVisitorTests.cs,10
CS1591,6,OoBDev.System.Tests,src/Framework/OoBDev.System.Tests/Linq/Expressions/StringComparisonReplacementExpressionVisitorTests.cs,12
CS1591,6,OoBDev.System.Tests,src/Framework/OoBDev.System.Tests/Linq/Expressions/StringComparisonReplacementExpressionVisitorTests.cs,19
CS1591,6,OoBDev.System.Tests,src/Framework/OoBDev.System.Tests/Linq/Expressions/StringComparisonReplacementExpressionVisitorTests.cs,35
CS1591,6,OoBDev.System.Tests,src/Framework/OoBDev.System.Tests/Linq/Expressions/StringComparisonReplacementExpressionVisitorTests.cs,51
CS1591,6,OoBDev.System.Tests,src/Framework/OoBDev.System.Tests/Linq/Expressions/StringComparisonReplacementExpressionVisitorTests.cs,67
CS1591,6,OoBDev.System.Tests,src/Framework/OoBDev.System.Tests/Linq/Expressions/StringComparisonReplacementExpressionVisitorTests.cs,84
CS1591,6,OoBDev.System.Tests,src/Framework/OoBDev.System.Tests/Linq/Expressions/StringOrderReplacementExpressionVisitorTests.cs,10
CS1591,6,OoBDev.System.Tests,src/Framework/OoBDev.System.Tests/Linq/Expressions/StringOrderReplacementExpressionVisitorTests.cs,12
CS1591,6,OoBDev.System.Tests,src/Framework/OoBDev.System.Tests/Linq/Expressions/StringOrderReplacementExpressionVisitorTests.cs,14
CS1591,6,OoBDev.System.Tests,src/Framework/OoBDev.System.Tests/Linq/Expressions/StringOrderReplacementExpressionVisitorTests.cs,16
CS1591,6,OoBDev.System.Tests,src/Framework/OoBDev.System.Tests/Linq/Expressions/StringOrderReplacementExpressionVisitorTests.cs,17
CS1591,6,OoBDev.System.Tests,src/Framework/OoBDev.System.Tests/Linq/Expressions/StringOrderReplacementExpressionVisitorTests.cs,18
CS1591,6,OoBDev.System.Tests,src/Framework/OoBDev.System.Tests/Linq/Expressions/StringOrderReplacementExpressionVisitorTests.cs,24
CS1591,6,OoBDev.System.Tests,src/Framework/OoBDev.System.Tests/Linq/Expressions/TestTargets/TestTarget.cs,5
CS1591,6,OoBDev.System.Tests,src/Framework/OoBDev.System.Tests/Linq/Expressions/TestTargets/TestTarget.cs,7
CS1591,6,OoBDev.System.Tests,src/Framework/OoBDev.System.Tests/Linq/Expressions/TestTargets/TestTarget.cs,8
CS1591,6,OoBDev.System.Tests,src/Framework/OoBDev.System.Tests/Linq/QueryableExtensionsTests.cs,16
CS1591,6,OoBDev.System.Tests,src/Framework/OoBDev.System.Tests/Linq/QueryableExtensionsTests.cs,18
CS1591,6,OoBDev.System.Tests,src/Framework/OoBDev.System.Tests/Linq/QueryableExtensionsTests.cs,22
CS1591,6,OoBDev.System.Tests,src/Framework/OoBDev.System.Tests/Linq/QueryableExtensionsTests.cs,70
CS1591,6,OoBDev.System.Tests,src/Framework/OoBDev.System.Tests/Linq/QueryableExtensionsTests.cs,89
CS1591,6,OoBDev.System.Tests,src/Framework/OoBDev.System.Tests/Linq/QueryableExtensionsTests.cs,97
CS1591,6,OoBDev.System.Tests,src/Framework/OoBDev.System.Tests/Linq/QueryableExtensionsTests.cs,145
CS1591,6,OoBDev.System.Tests,src/Framework/OoBDev.System.Tests/Linq/QueryableExtensionsTests.cs,176
CS1591,6,OoBDev.System.Tests,src/Framework/OoBDev.System.Tests/Linq/QueryableExtensionsTests.cs,211
CS1591,6,OoBDev.System.Tests,src/Framework/OoBDev.System.Tests/Linq/QueryableExtensionsTests.cs,263
CS1591,6,OoBDev.System.Tests,src/Framework/OoBDev.System.Tests/Linq/QueryableExtensionsTests.cs,309
CS1591,6,OoBDev.System.Tests,src/Framework/OoBDev.System.Tests/Linq/QueryableExtensionsTests.cs,337
CS1591,6,OoBDev.System.Tests,src/Framework/OoBDev.System.Tests/Linq/Search/QueryBuilderTests.cs,15
CS1591,6,OoBDev.System.Tests,src/Framework/OoBDev.System.Tests/Linq/Search/QueryBuilderTests.cs,17
CS1591,6,OoBDev.System.Tests,src/Framework/OoBDev.System.Tests/Linq/Search/QueryBuilderTests.cs,21
CS1591,6,OoBDev.System.Tests,src/Framework/OoBDev.System.Tests/Linq/TestDataBuilder.cs,9
CS1591,6,OoBDev.System.Tests,src/Framework/OoBDev.System.Tests/Linq/TestDataBuilder.cs,12
CS1591,6,OoBDev.System.Tests,src/Framework/OoBDev.System.Tests/Linq/TestDataBuilder.cs,21
CS1591,6,OoBDev.System.Tests,src/Framework/OoBDev.System.Tests/Linq/TestDataBuilder.cs,23
CS1591,6,OoBDev.System.Tests,src/Framework/OoBDev.System.Tests/Linq/TestDataBuilder.cs,28
CS1591,6,OoBDev.System.Tests,src/Framework/OoBDev.System.Tests/Linq/TestTargets/TestTarget2Model.cs,7
CS1591,6,OoBDev.System.Tests,src/Framework/OoBDev.System.Tests/Linq/TestTargets/TestTarget2Model.cs,11
CS1591,6,OoBDev.System.Tests,src/Framework/OoBDev.System.Tests/Linq/TestTargets/TestTarget2Model.cs,13
CS1591,6,OoBDev.System.Tests,src/Framework/OoBDev.System.Tests/Linq/TestTargets/TestTarget2Model.cs,15
CS1591,6,OoBDev.System.Tests,src/Framework/OoBDev.System.Tests/Linq/TestTargets/TestTarget3Model.cs,6
CS1591,6,OoBDev.System.Tests,src/Framework/OoBDev.System.Tests/Linq/TestTargets/TestTarget3Model.cs,10
CS1591,6,OoBDev.System.Tests,src/Framework/OoBDev.System.Tests/Linq/TestTargets/TestTarget3Model.cs,12
CS1591,6,OoBDev.System.Tests,src/Framework/OoBDev.System.Tests/Linq/TestTargets/TestTarget3Model.cs,14
CS1591,6,OoBDev.System.Tests,src/Framework/OoBDev.System.Tests/Linq/TestTargets/TestTargetExtendedModel.cs,13
CS1591,6,OoBDev.System.Tests,src/Framework/OoBDev.System.Tests/Linq/TestTargets/TestTargetExtendedModel.cs,15
CS1591,6,OoBDev.System.Tests,src/Framework/OoBDev.System.Tests/Linq/TestTargets/TestTargetExtendedModel.cs,16
CS1591,6,OoBDev.System.Tests,src/Framework/OoBDev.System.Tests/Linq/TestTargets/TestTargetExtendedModel.cs,17
CS1591,6,OoBDev.System.Tests,src/Framework/OoBDev.System.Tests/Linq/TestTargets/TestTargetExtendedModel.cs,19
CS1591,6,OoBDev.System.Tests,src/Framework/OoBDev.System.Tests/Linq/TestTargets/TestTargetExtendedModel.cs,20
CS1591,6,OoBDev.System.Tests,src/Framework/OoBDev.System.Tests/Linq/TestTargets/TestTargetExtendedModel.cs,22
CS1591,6,OoBDev.System.Tests,src/Framework/OoBDev.System.Tests/Linq/TestTargets/TestTargetExtendedModel.cs,42
CS1591,6,OoBDev.System.Tests,src/Framework/OoBDev.System.Tests/Linq/TestTargets/TestTargetExtendedModel.cs,44
CS1591,6,OoBDev.System.Tests,src/Framework/OoBDev.System.Tests/Linq/TestTargets/TestTargetExtendedModel.cs,46
CS1591,6,OoBDev.System.Tests,src/Framework/OoBDev.System.Tests/Linq/TestTargets/TestTargetExtendedModel.cs,48
CS1591,6,OoBDev.System.Tests,src/Framework/OoBDev.System.Tests/Linq/TestTargets/TestTargetExtendedModel.cs,50
CS1591,6,OoBDev.System.Tests,src/Framework/OoBDev.System.Tests/Linq/TestTargets/TestTargetExtendedModel.cs,53
CS1591,6,OoBDev.System.Tests,src/Framework/OoBDev.System.Tests/Linq/TestTargets/TestTargetExtendedModel.cs,55
CS1591,6,OoBDev.System.Tests,src/Framework/OoBDev.System.Tests/Linq/TestTargets/TestTargetExtendedModel.cs,58
CS1591,6,OoBDev.System.Tests,src/Framework/OoBDev.System.Tests/Linq/TestTargets/TestTargetExtendedModel.cs,60
CS1591,6,OoBDev.System.Tests,src/Framework/OoBDev.System.Tests/Linq/TestTargets/TestTargetExtendedModel.cs,61
CS1591,6,OoBDev.System.Tests,src/Framework/OoBDev.System.Tests/Linq/TestTargets/TestTargetExtendedModel.cs,63
CS1591,6,OoBDev.System.Tests,src/Framework/OoBDev.System.Tests/Linq/TestTargets/TestTargetExtendedModel.cs,72
CS1591,6,OoBDev.System.Tests,src/Framework/OoBDev.System.Tests/Linq/TestTargets/TestTargetModel.cs,5
CS1591,6,OoBDev.System.Tests,src/Framework/OoBDev.System.Tests/Linq/TestTargets/TestTargetModel.cs,7
CS1591,6,OoBDev.System.Tests,src/Framework/OoBDev.System.Tests/Linq/TestTargets/TestTargetModel.cs,15
CS1591,6,OoBDev.System.Tests,src/Framework/OoBDev.System.Tests/Linq/TestTargets/TestTargetModel.cs,16
CS1591,6,OoBDev.System.Tests,src/Framework/OoBDev.System.Tests/Linq/TestTargets/TestTargetModel.cs,17
CS1591,6,OoBDev.System.Tests,src/Framework/OoBDev.System.Tests/Linq/TestTargets/TestTargetWithInnerArrayModel.cs,6
CS1591,6,OoBDev.System.Tests,src/Framework/OoBDev.System.Tests/Linq/TestTargets/TestTargetWithInnerArrayModel.cs,8
CS1591,6,OoBDev.System.Tests,src/Framework/OoBDev.System.Tests/Linq/TestTargets/TestTargetWithInnerArrayModel.cs,17
CS1591,6,OoBDev.System.Tests,src/Framework/OoBDev.System.Tests/Linq/TestTargets/TestTargetWithInnerArrayModel.cs,18
CS1591,6,OoBDev.System.Tests,src/Framework/OoBDev.System.Tests/Linq/TestTargets/TestTargetWithInnerArrayModel.cs,19
CS1591,6,OoBDev.System.Tests,src/Framework/OoBDev.System.Tests/Linq/TestTargets/TestTargetWithInnerArrayModel.cs,21
CS1591,6,OoBDev.System.Tests,src/Framework/OoBDev.System.Tests/Linq/TestTargets/TestTargetWithInnerListModel.cs,7
CS1591,6,OoBDev.System.Tests,src/Framework/OoBDev.System.Tests/Linq/TestTargets/TestTargetWithInnerListModel.cs,9
CS1591,6,OoBDev.System.Tests,src/Framework/OoBDev.System.Tests/Linq/TestTargets/TestTargetWithInnerListModel.cs,18
CS1591,6,OoBDev.System.Tests,src/Framework/OoBDev.System.Tests/Linq/TestTargets/TestTargetWithInnerListModel.cs,19
CS1591,6,OoBDev.System.Tests,src/Framework/OoBDev.System.Tests/Linq/TestTargets/TestTargetWithInnerListModel.cs,20
CS1591,6,OoBDev.System.Tests,src/Framework/OoBDev.System.Tests/Linq/TestTargets/TestTargetWithInnerListModel.cs,22
CS1591,6,OoBDev.System.Tests,src/Framework/OoBDev.System.Tests/Math/VectorTests.cs,8
CS1591,6,OoBDev.System.Tests,src/Framework/OoBDev.System.Tests/Math/VectorTests.cs,10
CS1591,6,OoBDev.System.Tests,src/Framework/OoBDev.System.Tests/Math/VectorTests.cs,16
CS1591,6,OoBDev.System.Tests,src/Framework/OoBDev.System.Tests/Math/VectorTests.cs,33
CS1591,6,OoBDev.System.Tests,src/Framework/OoBDev.System.Tests/MemoryExTests.cs,11
CS1591,6,OoBDev.System.Tests,src/Framework/OoBDev.System.Tests/MemoryExTests.cs,13
CS1591,6,OoBDev.System.Tests,src/Framework/OoBDev.System.Tests/MemoryExTests.cs,17
CS1591,6,OoBDev.System.Tests,src/Framework/OoBDev.System.Tests/MemoryExTests.cs,29
CS1591,6,OoBDev.System.Tests,src/Framework/OoBDev.System.Tests/MemoryExTests.cs,42
CS1591,6,OoBDev.System.Tests,src/Framework/OoBDev.System.Tests/MemoryExTests.cs,55
CS1591,6,OoBDev.System.Tests,src/Framework/OoBDev.System.Tests/Providers/DateTimeProviderTests.cs,10
CS1591,6,OoBDev.System.Tests,src/Framework/OoBDev.System.Tests/Providers/DateTimeProviderTests.cs,12
CS1591,6,OoBDev.System.Tests,src/Framework/OoBDev.System.Tests/Providers/DateTimeProviderTests.cs,16
CS1591,6,OoBDev.System.Tests,src/Framework/OoBDev.System.Tests/Providers/DateTimeProviderTests.cs,27
CS1591,6,OoBDev.System.Tests,src/Framework/OoBDev.System.Tests/Providers/GuidProviderTests.cs,9
CS1591,6,OoBDev.System.Tests,src/Framework/OoBDev.System.Tests/Providers/GuidProviderTests.cs,11
CS1591,6,OoBDev.System.Tests,src/Framework/OoBDev.System.Tests/Providers/GuidProviderTests.cs,15
CS1591,6,OoBDev.System.Tests,src/Framework/OoBDev.System.Tests/Providers/GuidProviderTests.cs,24
CS1591,6,OoBDev.System.Tests,src/Framework/OoBDev.System.Tests/ReadOnlySpanExTests.cs,9
CS1591,6,OoBDev.System.Tests,src/Framework/OoBDev.System.Tests/ReadOnlySpanExTests.cs,13
CS1591,6,OoBDev.System.Tests,src/Framework/OoBDev.System.Tests/Reflection/EnumExtensionsTests.cs,13
CS1591,6,OoBDev.System.Tests,src/Framework/OoBDev.System.Tests/Reflection/EnumExtensionsTests.cs,15
CS1591,6,OoBDev.System.Tests,src/Framework/OoBDev.System.Tests/Reflection/EnumExtensionsTests.cs,18
CS1591,6,OoBDev.System.Tests,src/Framework/OoBDev.System.Tests/Reflection/EnumExtensionsTests.cs,55
CS1591,6,OoBDev.System.Tests,src/Framework/OoBDev.System.Tests/Reflection/EnumExtensionsTests.cs,105
CS1591,6,OoBDev.System.Tests,src/Framework/OoBDev.System.Tests/Reflection/EnumExtensionsTests.cs,112
CS1591,6,OoBDev.System.Tests,src/Framework/OoBDev.System.Tests/Reflection/EnumExtensionsTests.cs,114
CS1591,6,OoBDev.System.Tests,src/Framework/OoBDev.System.Tests/Reflection/EnumExtensionsTests.cs,115
CS1591,6,OoBDev.System.Tests,src/Framework/OoBDev.System.Tests/Reflection/EnumExtensionsTests.cs,116
CS1591,6,OoBDev.System.Tests,src/Framework/OoBDev.System.Tests/Reflection/EnumExtensionsTests.cs,118
CS1591,6,OoBDev.System.Tests,src/Framework/OoBDev.System.Tests/Reflection/EnumExtensionsTests.cs,120
CS1591,6,OoBDev.System.Tests,src/Framework/OoBDev.System.Tests/Reflection/EnumExtensionsTests.cs,122
CS1591,6,OoBDev.System.Tests,src/Framework/OoBDev.System.Tests/Reflection/EnumExtensionsTests.cs,129
CS1591,6,OoBDev.System.Tests,src/Framework/OoBDev.System.Tests/Reflection/ObjectExtensionTests.cs,10
CS1591,6,OoBDev.System.Tests,src/Framework/OoBDev.System.Tests/Reflection/ObjectExtensionTests.cs,12
CS1591,6,OoBDev.System.Tests,src/Framework/OoBDev.System.Tests/Reflection/ObjectExtensionTests.cs,39
CS1591,6,OoBDev.System.Tests,src/Framework/OoBDev.System.Tests/Reflection/ReflectionElementNodeTests.cs,11
CS1591,6,OoBDev.System.Tests,src/Framework/OoBDev.System.Tests/Reflection/ReflectionElementNodeTests.cs,13
CS1591,6,OoBDev.System.Tests,src/Framework/OoBDev.System.Tests/Reflection/ReflectionElementNodeTests.cs,18
CS1591,6,OoBDev.System.Tests,src/Framework/OoBDev.System.Tests/Reflection/ReflectionElementNodeTests.cs,25
CS1591,6,OoBDev.System.Tests,src/Framework/OoBDev.System.Tests/Reflection/ReflectionExtensionsTests.cs,11
CS1591,6,OoBDev.System.Tests,src/Framework/OoBDev.System.Tests/Reflection/ReflectionExtensionsTests.cs,13
CS1591,6,OoBDev.System.Tests,src/Framework/OoBDev.System.Tests/Reflection/ReflectionExtensionsTests.cs,15
CS1591,6,OoBDev.System.Tests,src/Framework/OoBDev.System.Tests/Reflection/ReflectionExtensionsTests.cs,62
CS1591,6,OoBDev.System.Tests,src/Framework/OoBDev.System.Tests/Reflection/ReflectionExtensionsTests.cs,81
CS1591,6,OoBDev.System.Tests,src/Framework/OoBDev.System.Tests/Reflection/ReflectionExtensionsTests.cs,91
CS1591,6,OoBDev.System.Tests,src/Framework/OoBDev.System.Tests/Reflection/ReflectionExtensionsTests.cs,102
CS1591,6,OoBDev.System.Tests,src/Framework/OoBDev.System.Tests/Reflection/ReflectionExtensionsTests.cs,130
CS1591,6,OoBDev.System.Tests,src/Framework/OoBDev.System.Tests/Reflection/ReflectionExtensionsTests.cs,146
CS1591,6,OoBDev.System.Tests,src/Framework/OoBDev.System.Tests/Reflection/ResourceExtensionsTests.cs,10
CS1591,6,OoBDev.System.Tests,src/Framework/OoBDev.System.Tests/Reflection/ResourceExtensionsTests.cs,13
CS1591,6,OoBDev.System.Tests,src/Framework/OoBDev.System.Tests/Reflection/ResourceExtensionsTests.cs,20
CS1591,6,OoBDev.System.Tests,src/Framework/OoBDev.System.Tests/Reflection/ResourceExtensionsTests.cs,27
CS1591,6,OoBDev.System.Tests,src/Framework/OoBDev.System.Tests/Reflection/ResourceExtensionsTests.cs,34
CS1591,6,OoBDev.System.Tests,src/Framework/OoBDev.System.Tests/Reflection/ResourceExtensionsTests.cs,41
CS1591,6,OoBDev.System.Tests,src/Framework/OoBDev.System.Tests/Reflection/ResourceExtensionsTests.cs,48
CS1591,6,OoBDev.System.Tests,src/Framework/OoBDev.System.Tests/Reflection/ResourceExtensionsTests.cs,55
CS1591,6,OoBDev.System.Tests,src/Framework/OoBDev.System.Tests/Reflection/ResourceExtensionsTests.cs,62
CS1591,6,OoBDev.System.Tests,src/Framework/OoBDev.System.Tests/Reflection/ResourceExtensionsTests.cs,69
CS1591,6,OoBDev.System.Tests,src/Framework/OoBDev.System.Tests/Reflection/ResourceExtensionsTests.cs,76
CS1591,6,OoBDev.System.Tests,src/Framework/OoBDev.System.Tests/Reflection/TestTargets/TestModel.cs,3
CS1591,6,OoBDev.System.Tests,src/Framework/OoBDev.System.Tests/Reflection/TestTargets/TestModel.cs,5
CS1591,6,OoBDev.System.Tests,src/Framework/OoBDev.System.Tests/Retro/Apple2/ApplesoftBASIC/DetokenizerTests.cs,10
CS1591,6,OoBDev.System.Tests,src/Framework/OoBDev.System.Tests/Retro/Apple2/ApplesoftBASIC/DetokenizerTests.cs,12
CS1591,6,OoBDev.System.Tests,src/Framework/OoBDev.System.Tests/Retro/Apple2/ApplesoftBASIC/DetokenizerTests.cs,16
CS1591,6,OoBDev.System.Tests,src/Framework/OoBDev.System.Tests/Retro/Apple2/Dos33/DiskImageCommandsTests.cs,10
CS1591,6,OoBDev.System.Tests,src/Framework/OoBDev.System.Tests/Retro/Apple2/Dos33/DiskImageCommandsTests.cs,12
CS1591,6,OoBDev.System.Tests,src/Framework/OoBDev.System.Tests/Retro/Apple2/Dos33/DiskImageCommandsTests.cs,16
CS1591,6,OoBDev.System.Tests,src/Framework/OoBDev.System.Tests/Retro/Apple2/Dos33/DiskImageCommandsTests.cs,58
CS1591,6,OoBDev.System.Tests,src/Framework/OoBDev.System.Tests/Retro/Apple2/Dos33/DiskImageCommandsTests.cs,93
CS1591,6,OoBDev.System.Tests,src/Framework/OoBDev.System.Tests/Retro/Apple2/Dos33/DiskImageCommandsTests.cs,132
CS1591,6,OoBDev.System.Tests,src/Framework/OoBDev.System.Tests/Security/Cryptography/HashSelectorTest.cs,11
CS1591,6,OoBDev.System.Tests,src/Framework/OoBDev.System.Tests/Security/Cryptography/HashSelectorTest.cs,13
CS1591,6,OoBDev.System.Tests,src/Framework/OoBDev.System.Tests/Security/Cryptography/HashSelectorTest.cs,20
CS1591,6,OoBDev.System.Tests,src/Framework/OoBDev.System.Tests/Security/Cryptography/HashSelectorTest.cs,43
CS1591,6,OoBDev.System.Tests,src/Framework/OoBDev.System.Tests/Security/Cryptography/Md5HashTests.cs,8
CS1591,6,OoBDev.System.Tests,src/Framework/OoBDev.System.Tests/Security/Cryptography/Md5HashTests.cs,10
CS1591,6,OoBDev.System.Tests,src/Framework/OoBDev.System.Tests/Security/Cryptography/Md5HashTests.cs,16
CS1591,6,OoBDev.System.Tests,src/Framework/OoBDev.System.Tests/Security/Cryptography/Sha256HashTests.cs,8
CS1591,6,OoBDev.System.Tests,src/Framework/OoBDev.System.Tests/Security/Cryptography/Sha256HashTests.cs,10
CS1591,6,OoBDev.System.Tests,src/Framework/OoBDev.System.Tests/Security/Cryptography/Sha256HashTests.cs,16
CS1591,6,OoBDev.System.Tests,src/Framework/OoBDev.System.Tests/Security/Cryptography/Sha512HashTests.cs,8
CS1591,6,OoBDev.System.Tests,src/Framework/OoBDev.System.Tests/Security/Cryptography/Sha512HashTests.cs,10
CS1591,6,OoBDev.System.Tests,src/Framework/OoBDev.System.Tests/Security/Cryptography/Sha512HashTests.cs,16
CS1591,6,OoBDev.System.Tests,src/Framework/OoBDev.System.Tests/TestTargets/TargetModel.cs,5
CS1591,6,OoBDev.System.Tests,src/Framework/OoBDev.System.Tests/TestTargets/TargetModel.cs,7
CS1591,6,OoBDev.System.Tests,src/Framework/OoBDev.System.Tests/TestTargets/TargetModel.cs,8
CS1591,6,OoBDev.System.Tests,src/Framework/OoBDev.System.Tests/TestTargets/TargetModel.cs,9
CS1591,6,OoBDev.System.Tests,src/Framework/OoBDev.System.Tests/TestTargets/TargetModel.cs,11
CS1591,6,OoBDev.System.Tests,src/Framework/OoBDev.System.Tests/TestTargets/TargetModel.cs,12
CS1591,6,OoBDev.System.Tests,src/Framework/OoBDev.System.Tests/TestTargets/TestDateProperty.cs,7
CS1591,6,OoBDev.System.Tests,src/Framework/OoBDev.System.Tests/TestTargets/TestDateProperty.cs,10
CS1591,6,OoBDev.System.Tests,src/Framework/OoBDev.System.Tests/TestTargets/TestDateProperty.cs,13
CS1591,6,OoBDev.System.Tests,src/Framework/OoBDev.System.Tests/TestTargets/TestIdProperty.cs,6
CS1591,6,OoBDev.System.Tests,src/Framework/OoBDev.System.Tests/TestTargets/TestIdProperty.cs,10
CS1591,6,OoBDev.System.Tests,src/Framework/OoBDev.System.Tests/Text/Json/BsonDateConverterTests.cs,10
CS1591,6,OoBDev.System.Tests,src/Framework/OoBDev.System.Tests/Text/Json/BsonDateConverterTests.cs,12
CS1591,6,OoBDev.System.Tests,src/Framework/OoBDev.System.Tests/Text/Json/BsonDateConverterTests.cs,16
CS1591,6,OoBDev.System.Tests,src/Framework/OoBDev.System.Tests/Text/Json/BsonDateConverterTests.cs,38
CS1591,6,OoBDev.System.Tests,src/Framework/OoBDev.System.Tests/Text/Json/BsonDateConverterTests.cs,62
CS1591,6,OoBDev.System.Tests,src/Framework/OoBDev.System.Tests/Text/Json/BsonDateConverterTests.cs,76
CS1591,6,OoBDev.System.Tests,src/Framework/OoBDev.System.Tests/Text/Json/BsonIdConverterTests.cs,9
CS1591,6,OoBDev.System.Tests,src/Framework/OoBDev.System.Tests/Text/Json/BsonIdConverterTests.cs,11
CS1591,6,OoBDev.System.Tests,src/Framework/OoBDev.System.Tests/Text/Json/BsonIdConverterTests.cs,15
CS1591,6,OoBDev.System.Tests,src/Framework/OoBDev.System.Tests/Text/Json/BsonIdConverterTests.cs,37
CS1591,6,OoBDev.System.Tests,src/Framework/OoBDev.System.Tests/Text/Json/BsonSerializerTests.cs,10
CS1591,6,OoBDev.System.Tests,src/Framework/OoBDev.System.Tests/Text/Json/BsonSerializerTests.cs,12
CS1591,6,OoBDev.System.Tests,src/Framework/OoBDev.System.Tests/Text/Json/BsonSerializerTests.cs,22
CS1591,6,OoBDev.System.Tests,src/Framework/OoBDev.System.Tests/Text/Json/JNodeExtensionsTests.cs,9
CS1591,6,OoBDev.System.Tests,src/Framework/OoBDev.System.Tests/Text/Json/JNodeExtensionsTests.cs,11
CS1591,6,OoBDev.System.Tests,src/Framework/OoBDev.System.Tests/Text/Json/JNodeExtensionsTests.cs,15
CS1591,6,OoBDev.System.Tests,src/Framework/OoBDev.System.Tests/Text/Json/JNodeExtensionsTests.cs,30
CS1591,6,OoBDev.System.Tests,src/Framework/OoBDev.System.Tests/Text/Json/JNodeExtensionsTests.cs,45
CS1591,6,OoBDev.System.Tests,src/Framework/OoBDev.System.Tests/Text/Json/JNodeExtensionsTests.cs,61
CS1591,6,OoBDev.System.Tests,src/Framework/OoBDev.System.Tests/Text/Json/JNodeExtensionsTests.cs,76
CS1591,6,OoBDev.System.Tests,src/Framework/OoBDev.System.Tests/Text/Json/JsonNavigatorTests.cs,10
CS1591,6,OoBDev.System.Tests,src/Framework/OoBDev.System.Tests/Text/Json/JsonNavigatorTests.cs,12
CS1591,6,OoBDev.System.Tests,src/Framework/OoBDev.System.Tests/Text/Json/JsonNavigatorTests.cs,17
CS1591,6,OoBDev.System.Tests,src/Framework/OoBDev.System.Tests/Text/Json/JsonPath/Parser/JsonPathFactoryTests.cs,11
CS1591,6,OoBDev.System.Tests,src/Framework/OoBDev.System.Tests/Text/Json/JsonPath/Parser/JsonPathFactoryTests.cs,13
CS1591,6,OoBDev.System.Tests,src/Framework/OoBDev.System.Tests/Text/Json/JsonPath/Parser/JsonPathFactoryTests.cs,50
CS1591,6,OoBDev.System.Tests,src/Framework/OoBDev.System.Tests/Text/Json/JsonPath/Parser/JsonPathFactoryTests.cs,108
CS1591,6,OoBDev.System.Tests,src/Framework/OoBDev.System.Tests/Text/Json/Serialization/DefaultJsonSerializerTests.cs,10
CS1591,6,OoBDev.System.Tests,src/Framework/OoBDev.System.Tests/Text/Json/Serialization/DefaultJsonSerializerTests.cs,12
CS1591,6,OoBDev.System.Tests,src/Framework/OoBDev.System.Tests/Text/Json/Serialization/DefaultJsonSerializerTests.cs,16
CS1591,6,OoBDev.System.Tests,src/Framework/OoBDev.System.Tests/Text/Json/Serialization/DefaultJsonSerializerTests.cs,31
CS1591,6,OoBDev.System.Tests,src/Framework/OoBDev.System.Tests/Text/Json/Serialization/DefaultJsonSerializerTests.cs,58
CS1591,6,OoBDev.System.Tests,src/Framework/OoBDev.System.Tests/Text/SerializerSelectorTest.cs,13
CS1591,6,OoBDev.System.Tests,src/Framework/OoBDev.System.Tests/Text/SerializerSelectorTest.cs,15
CS1591,6,OoBDev.System.Tests,src/Framework/OoBDev.System.Tests/Text/SerializerSelectorTest.cs,22
CS1591,6,OoBDev.System.Tests,src/Framework/OoBDev.System.Tests/Text/SerializerSelectorTest.cs,45
CS1591,6,OoBDev.System.Tests,src/Framework/OoBDev.System.Tests/Text/Templating/FileTemplateSourceTests.cs,14
CS1591,6,OoBDev.System.Tests,src/Framework/OoBDev.System.Tests/Text/Templating/FileTemplateSourceTests.cs,16
CS1591,6,OoBDev.System.Tests,src/Framework/OoBDev.System.Tests/Text/Templating/FileTemplateSourceTests.cs,20
CS1591,6,OoBDev.System.Tests,src/Framework/OoBDev.System.Tests/Text/Templating/TemplateEngineTests.cs,12
CS1591,6,OoBDev.System.Tests,src/Framework/OoBDev.System.Tests/Text/Templating/TemplateEngineTests.cs,14
CS1591,6,OoBDev.System.Tests,src/Framework/OoBDev.System.Tests/Text/Templating/TemplateEngineTests.cs,18
CS1591,6,OoBDev.System.Tests,src/Framework/OoBDev.System.Tests/Text/Templating/TemplateEngineTests.cs,39
CS1591,6,OoBDev.System.Tests,src/Framework/OoBDev.System.Tests/Text/Templating/TemplateEngineTests.cs,60
CS1591,6,OoBDev.System.Tests,src/Framework/OoBDev.System.Tests/Text/Templating/TemplateEngineTests.cs,99
CS1591,6,OoBDev.System.Tests,src/Framework/OoBDev.System.Tests/Text/Templating/XsltTemplateProviderTests.cs,15
CS1591,6,OoBDev.System.Tests,src/Framework/OoBDev.System.Tests/Text/Templating/XsltTemplateProviderTests.cs,17
CS1591,6,OoBDev.System.Tests,src/Framework/OoBDev.System.Tests/Text/Templating/XsltTemplateProviderTests.cs,21
CS1591,6,OoBDev.System.Tests,src/Framework/OoBDev.System.Tests/Text/Templating/XsltTemplateProviderTests.cs,39
CS1591,6,OoBDev.System.Tests,src/Framework/OoBDev.System.Tests/Text/Xml/Serialization/DefaultXmlSerializerTests.cs,10
CS1591,6,OoBDev.System.Tests,src/Framework/OoBDev.System.Tests/Text/Xml/Serialization/DefaultXmlSerializerTests.cs,12
CS1591,6,OoBDev.System.Tests,src/Framework/OoBDev.System.Tests/Text/Xml/Serialization/DefaultXmlSerializerTests.cs,16
CS1591,6,OoBDev.System.Tests,src/Framework/OoBDev.System.Tests/Text/Xml/Serialization/DefaultXmlSerializerTests.cs,26
CS1591,6,OoBDev.System.Tests,src/Framework/OoBDev.System.Tests/Text/Xml/Serialization/DefaultXmlSerializerTests.cs,35
CS1591,6,OoBDev.System.Tests,src/Framework/OoBDev.System.Tests/Text/Xml/Serialization/DefaultXmlSerializerTests.cs,49
CS1591,6,OoBDev.System.Tests,src/Framework/OoBDev.System.Tests/Text/Xml/Serialization/DefaultXmlSerializerTests.cs,62
CS1591,6,OoBDev.System.Tests,src/Framework/OoBDev.System.Tests/Text/Xml/Serialization/DefaultXmlSerializerTests.cs,76
CS1591,6,OoBDev.System.Tests,src/Framework/OoBDev.System.Tests/Text/Xml/Serialization/DefaultXmlSerializerTests.cs,89
CS1591,6,OoBDev.System.Tests,src/Framework/OoBDev.System.Tests/Text/Xml/Serialization/DefaultXmlSerializerTests.cs,100
CS1591,6,OoBDev.System.Tests,src/Framework/OoBDev.System.Tests/Text/Xml/Serialization/DefaultXmlSerializerTests.cs,111
CS1591,6,OoBDev.System.Tests,src/Framework/OoBDev.System.Tests/Text/Xml/Serialization/DefaultXmlSerializerTests.cs,128
CS1591,6,OoBDev.System.Tests,src/Framework/OoBDev.System.Tests/Text/Xml/Serialization/DefaultXmlSerializerTests.cs,145
CS1591,6,OoBDev.System.Tests,src/Framework/OoBDev.System.Tests/Text/Xml/Serialization/DefaultXmlSerializerTests.cs,151
CS1591,6,OoBDev.System.Tests,src/Framework/OoBDev.System.Tests/Text/Xml/Serialization/DefaultXmlSerializerTests.cs,156
CS1591,6,OoBDev.System.Tests,src/Framework/OoBDev.System.Tests/Text/Xml/Serialization/DefaultXmlSerializerTests.cs,158
CS1591,6,OoBDev.System.Tests,src/Framework/OoBDev.System.Tests/Utilities/StringFormatterTests.cs,9
CS1591,6,OoBDev.System.Tests,src/Framework/OoBDev.System.Tests/Utilities/StringFormatterTests.cs,13
CS1591,6,OoBDev.System.Tests,src/Framework/OoBDev.System.Tests/Utilities/StringFormatterTests.cs,29
CS1591,6,OoBDev.System.Tests,src/Framework/OoBDev.System.Tests/Utilities/StringFormatterTests.cs,46
CS1591,6,OoBDev.System.Tests,src/Framework/OoBDev.System.Tests/Utilities/StringFormatterTests.cs,66
CS1591,6,OoBDev.System.Tests,src/Framework/OoBDev.System.Tests/Utilities/StringFormatterTests.cs,92
CS1591,6,OoBDev.System.Tests,src/Framework/OoBDev.System.Tests/Utilities/StringFormatterTests.cs,110
CS1591,6,OoBDev.System.Tests,src/Framework/OoBDev.System.Tests/Utilities/StringFormatterTests.cs,130
CS1591,6,OoBDev.System.Tests,src/Framework/OoBDev.System.Tests/Utilities/StringFormatterTests.cs,144
CS1591,6,OoBDev.System.Tests,src/Framework/OoBDev.System.Tests/Utilities/StringFormatterTests.cs,146
CS1591,6,OoBDev.System.Tests,src/Framework/OoBDev.System.Tests/Utilities/StringFormatterTests.cs,147
CS1591,6,OoBDev.System.Tests,src/Framework/OoBDev.System.Tests/Utilities/StringFormatterTests.cs,148
CS1591,6,OoBDev.System.Tests,src/Framework/OoBDev.System.Tests/Utilities/StringFormatterTests.cs,149
CS1591,6,OoBDev.System.Tests,src/Framework/OoBDev.System.Tests/Utilities/StringFormatterTests.cs,150
CS1591,6,OoBDev.System.Tests,src/Framework/OoBDev.System.Tests/Utilities/StringFormatterTests.cs,153
CS1591,6,OoBDev.System.Tests,src/Framework/OoBDev.System.Tests/Utilities/StringFormatterTests.cs,155
CS1591,6,OoBDev.System.Tests,src/Framework/OoBDev.System.Tests/Utilities/StringFormatterTests.cs,158
CS1591,6,OoBDev.System.Tests,src/Framework/OoBDev.System.Tests/Utilities/StringFormatterTests.cs,160
CS1591,6,OoBDev.System.Tests,src/Framework/OoBDev.System.Tests/Utilities/StringFormatterTests.cs,163
CS1591,6,OoBDev.System.Tests,src/Framework/OoBDev.System.Tests/Utilities/StringFormatterTests.cs,165
CS1591,6,OoBDev.System.Tests,src/Framework/OoBDev.System.Tests/Utilities/StringFormatterTests.cs,168
CS1591,6,OoBDev.System.Tests,src/Framework/OoBDev.System.Tests/Utilities/StringFormatterTests.cs,170
CS1591,6,OoBDev.System.Tests,src/Framework/OoBDev.System.Tests/Utilities/StringFormatterTests.cs,173
CS1591,6,OoBDev.System.Tests,src/Framework/OoBDev.System.Tests/Utilities/StringFormatterTests.cs,175
CS1591,6,OoBDev.System.Tests,src/Framework/OoBDev.System.Tests/Xml/Linq/ObjectXmlExtensionsTests.cs,9
CS1591,6,OoBDev.System.Tests,src/Framework/OoBDev.System.Tests/Xml/Linq/ObjectXmlExtensionsTests.cs,11
CS1591,6,OoBDev.System.Tests,src/Framework/OoBDev.System.Tests/Xml/Linq/ObjectXmlExtensionsTests.cs,14
CS1591,6,OoBDev.System.Tests,src/Framework/OoBDev.System.Tests/Xml/Linq/XFragmentExTests.cs,9
CS1591,6,OoBDev.System.Tests,src/Framework/OoBDev.System.Tests/Xml/Linq/XFragmentExTests.cs,12
CS1591,6,OoBDev.System.Tests,src/Framework/OoBDev.System.Tests/Xml/Linq/XFragmentTests.cs,10
CS1591,6,OoBDev.System.Tests,src/Framework/OoBDev.System.Tests/Xml/Linq/XFragmentTests.cs,13
CS1591,6,OoBDev.System.Tests,src/Framework/OoBDev.System.Tests/Xml/Linq/XFragmentTests.cs,30
CS1591,6,OoBDev.System.Tests,src/Framework/OoBDev.System.Tests/Xml/Linq/XFragmentTests.cs,46
CS1591,6,OoBDev.System.Tests,src/Framework/OoBDev.System.Tests/Xml/Linq/XFragmentTests.cs,56
CS1591,6,OoBDev.System.Tests,src/Framework/OoBDev.System.Tests/Xml/Linq/XFragmentTests.cs,66
CS1591,6,OoBDev.System.Tests,src/Framework/OoBDev.System.Tests/Xml/Linq/XFragmentTests.cs,83
CS1591,6,OoBDev.System.Tests,src/Framework/OoBDev.System.Tests/Xml/XPath/MergedXPathNavigatorTests.cs,12
CS1591,6,OoBDev.System.Tests,src/Framework/OoBDev.System.Tests/Xml/XPath/MergedXPathNavigatorTests.cs,14
CS1591,6,OoBDev.System.Tests,src/Framework/OoBDev.System.Tests/Xml/XPath/MergedXPathNavigatorTests.cs,17
CS1591,6,OoBDev.System.Tests,src/Framework/OoBDev.System.Tests/Xml/XPath/MergedXPathNavigatorTests.cs,28
CS1591,6,OoBDev.System.Tests,src/Framework/OoBDev.System.Tests/Xml/Xsl/Extensions/XPath20FunctionsTests.cs,13
CS1591,6,OoBDev.System.Tests,src/Framework/OoBDev.System.Tests/Xml/Xsl/Extensions/XPath20FunctionsTests.cs,15
CS1591,6,OoBDev.System.Tests,src/Framework/OoBDev.System.Tests/Xml/Xsl/Extensions/XPath20FunctionsTests.cs,130
CS1591,6,OoBDev.System.Tests,src/Framework/OoBDev.System.Tests/Xml/Xsl/Extensions/XPath20FunctionsTests.cs,202
CS1591,6,OoBDev.System.Tests,src/Framework/OoBDev.System.Tests/Xml/Xsl/Extensions/XPath20FunctionsTests.cs,202
CS1591,6,OoBDev.System.Tests,src/Framework/OoBDev.System.Tests/Xml/Xsl/Extensions/XPath20FunctionsTests.cs,204
CS1591,6,OoBDev.System.Tests,src/Framework/OoBDev.System.Tests/Xml/Xsl/Extensions/XPath20FunctionsTests.cs,206
CS1591,6,OoBDev.System.Tests,src/Framework/OoBDev.System.Tests/Xml/Xsl/Extensions/XPath20FunctionsTests.cs,208
CS1591,6,OoBDev.System.Tests,src/Framework/OoBDev.System.Tests/Xml/Xsl/Extensions/XPath20FunctionsTests.cs,210
CS1591,6,OoBDev.System.Tests,src/Framework/OoBDev.System.Tests/Xml/Xsl/Extensions/XPath20FunctionsTests.cs,212
CS1591,6,OoBDev.System.Tests,src/Framework/OoBDev.System.Tests/Xml/Xsl/XsltExtensionFactoryTests.cs,11
CS1591,6,OoBDev.System.Tests,src/Framework/OoBDev.System.Tests/Xml/Xsl/XsltExtensionFactoryTests.cs,13
CS1591,6,OoBDev.System.Tests,src/Framework/OoBDev.System.Tests/Xml/Xsl/XsltExtensionFactoryTests.cs,16
CS1591,6,OoBDev.System.Tests,src/Framework/OoBDev.System.Tests/Xml/Xsl/XsltExtensionFactoryTests.cs,53
CS1591,6,OoBDev.System.Tests,src/Framework/OoBDev.System.Tests/Xml/Xsl/XsltExtensionFactoryTests.cs,56
CS1591,6,OoBDev.System.Tests,src/Framework/OoBDev.System.Tests/Xml/Xsl/XsltExtensionFactoryTests.cs,59
CS1591,6,OoBDev.System.Tests,src/Framework/OoBDev.System.Tests/Xml/Xsl/XsltExtensionFactoryTests.cs,62
CS1591,6,OoBDev.System.Tests,src/Framework/OoBDev.System.Tests/Xml/Xsl/XsltExtensionFactoryTests.cs,65
CS1591,6,OoBDev.System.Tests,src/Framework/OoBDev.System.Tests/Xml/Xsl/XsltExtensionFactoryTests.cs,68
CS1591,6,OoBDev.System.Text.Html.Tests,src/Extensions/OoBDev.System.Text.Html.Tests/HtmlNavigatorTests.cs,7
CS1591,6,OoBDev.System.Text.Html.Tests,src/Extensions/OoBDev.System.Text.Html.Tests/HtmlNavigatorTests.cs,11
CS1591,6,OoBDev.System.Text.Html.Tests,src/Extensions/OoBDev.System.Text.Html.Tests/HtmlTemplateTransformTests.cs,12
CS1591,6,OoBDev.System.Text.Html.Tests,src/Extensions/OoBDev.System.Text.Html.Tests/HtmlTemplateTransformTests.cs,14
CS1591,6,OoBDev.System.Text.Html.Tests,src/Extensions/OoBDev.System.Text.Html.Tests/HtmlTemplateTransformTests.cs,17
CS1591,6,OoBDev.System.Text.Markdown.Tests,src/Extensions/OoBDev.System.Text.Markdown.Tests/UnitTest1.cs,10
CS1591,6,OoBDev.System.Text.Markdown.Tests,src/Extensions/OoBDev.System.Text.Markdown.Tests/UnitTest1.cs,13
CS1591,6,OoBDev.System.Text.Yaml.Tests,src/Extensions/OoBDev.System.Text.Yaml.Tests/YamlNavigatorTests.cs,8
CS1591,6,OoBDev.System.Text.Yaml.Tests,src/Extensions/OoBDev.System.Text.Yaml.Tests/YamlNavigatorTests.cs,10
CS1591,6,OoBDev.System.Text.Yaml.Tests,src/Extensions/OoBDev.System.Text.Yaml.Tests/YamlNavigatorTests.cs,14
CS1591,6,OoBDev.TestUtilities.Tests,src/Framework/OoBDev.TestUtilities.Tests/NumericAssertsTests.cs,6
CS1591,6,OoBDev.TestUtilities.Tests,src/Framework/OoBDev.TestUtilities.Tests/NumericAssertsTests.cs,8
CS1591,6,OoBDev.TestUtilities.Tests,src/Framework/OoBDev.TestUtilities.Tests/NumericAssertsTests.cs,14
CS1591,6,OoBDev.TestUtilities.Tests,src/Framework/OoBDev.TestUtilities.Tests/NumericAssertsTests.cs,26
CS1591,6,OoBDev.TestUtilities.Tests,src/Framework/OoBDev.TestUtilities.Tests/NumericAssertsTests.cs,38
CS1591,6,OoBDev.TestUtilities.Tests,src/Framework/OoBDev.TestUtilities.Tests/NumericAssertsTests.cs,50
CS1591,6,OoBDev.TestUtilities.Tests,src/Framework/OoBDev.TestUtilities.Tests/NumericAssertsTests.cs,66
CS1591,6,OoBDev.TestUtilities.Tests,src/Framework/OoBDev.TestUtilities.Tests/NumericAssertsTests.cs,78
CS1591,6,OoBDev.TestUtilities.Tests,src/Framework/OoBDev.TestUtilities.Tests/NumericAssertsTests.cs,90
CS1591,6,OoBDev.TestUtilities.Tests,src/Framework/OoBDev.TestUtilities.Tests/NumericAssertsTests.cs,106
CS1591,6,OoBDev.TestUtilities.Tests,src/Framework/OoBDev.TestUtilities.Tests/NumericAssertsTests.cs,118
CS1591,6,OoBDev.TestUtilities.Tests,src/Framework/OoBDev.TestUtilities.Tests/NumericAssertsTests.cs,130
CS1591,6,OoBDev.TestUtilities.Tests,src/Framework/OoBDev.TestUtilities.Tests/NumericAssertsTests.cs,146
CS1591,6,OoBDev.TestUtilities.Tests,src/Framework/OoBDev.TestUtilities.Tests/NumericAssertsTests.cs,158
CS1591,6,OoBDev.TestUtilities.Tests,src/Framework/OoBDev.TestUtilities.Tests/NumericAssertsTests.cs,170
CS1591,6,OoBDev.TestUtilities.Tests,src/Framework/OoBDev.TestUtilities.Tests/NumericAssertsTests.cs,186
CS1591,6,OoBDev.TestUtilities.Tests,src/Framework/OoBDev.TestUtilities.Tests/NumericAssertsTests.cs,199
CS1591,6,OoBDev.TestUtilities.Tests,src/Framework/OoBDev.TestUtilities.Tests/NumericAssertsTests.cs,212
CS1591,6,OoBDev.TestUtilities.Tests,src/Framework/OoBDev.TestUtilities.Tests/NumericAssertsTests.cs,225
CS1591,6,OoBDev.TestUtilities.Tests,src/Framework/OoBDev.TestUtilities.Tests/NumericAssertsTests.cs,242
CS1591,6,OoBDev.TestUtilities.Tests,src/Framework/OoBDev.TestUtilities.Tests/NumericAssertsTests.cs,255
CS1591,6,OoBDev.TestUtilities.Tests,src/Framework/OoBDev.TestUtilities.Tests/NumericAssertsTests.cs,281
CS1591,6,OoBDev.TestUtilities.Tests,src/Framework/OoBDev.TestUtilities.Tests/NumericAssertsTests.cs,293
CS1591,6,OoBDev.TestUtilities.Tests,src/Framework/OoBDev.TestUtilities.Tests/NumericAssertsTests.cs,305
CS1591,6,OoBDev.TestUtilities.Tests,src/Framework/OoBDev.TestUtilities.Tests/NumericAssertsTests.cs,317
CS1591,6,OoBDev.TestUtilities.Tests,src/Framework/OoBDev.TestUtilities.Tests/TextContextExtensionsTests.cs,11
CS1591,6,OoBDev.TestUtilities.Tests,src/Framework/OoBDev.TestUtilities.Tests/TextContextExtensionsTests.cs,13
CS1591,6,OoBDev.TestUtilities.Tests,src/Framework/OoBDev.TestUtilities.Tests/TextContextExtensionsTests.cs,15
CS1591,6,OoBDev.TestUtilities.Tests,src/Framework/OoBDev.TestUtilities.Tests/TextContextExtensionsTests.cs,17
CS1591,6,OoBDev.TestUtilities.Tests,src/Framework/OoBDev.TestUtilities.Tests/TextContextExtensionsTests.cs,22
CS1591,6,OoBDev.TestUtilities.Tests,src/Framework/OoBDev.TestUtilities.Tests/TextContextExtensionsTests.cs,42
CS1591,6,OoBDev.TestUtilities.Tests,src/Framework/OoBDev.TestUtilities.Tests/TextContextExtensionsTests.cs,62
CS1591,6,OoBDev.TestUtilities.Tests,src/Framework/OoBDev.TestUtilities.Tests/TextContextExtensionsTests.cs,82
CS1591,6,OoBDev.TestUtilities.Tests,src/Framework/OoBDev.TestUtilities.Tests/TextContextExtensionsTests.cs,102
CS1591,6,OoBDev.TestUtilities.Tests,src/Framework/OoBDev.TestUtilities.Tests/TextContextExtensionsTests.cs,122
CS1591,6,OoBDev.TestUtilities.Tests,src/Framework/OoBDev.TestUtilities.Tests/TextContextExtensionsTests.cs,142
CS1591,6,OoBDev.TestUtilities.Tests,src/Framework/OoBDev.TestUtilities.Tests/TextContextExtensionsTests.cs,162
CS1591,6,OoBDev.TestUtilities.Tests,src/Framework/OoBDev.TestUtilities.Tests/TextContextExtensionsTests.cs,182
CS1591,6,OoBDev.TestUtilities.Tests,src/Framework/OoBDev.TestUtilities.Tests/TextContextExtensionsTests.cs,202
CS1591,6,OoBDev.TestUtilities.Tests,src/Framework/OoBDev.TestUtilities.Tests/TextContextExtensionsTests.cs,223
CS1591,6,OoBDev.TestUtilities.Tests,src/Framework/OoBDev.TestUtilities.Tests/TextContextExtensionsTests.cs,243
CS1591,6,OoBDev.TestUtilities.Tests,src/Framework/OoBDev.TestUtilities.Tests/TextContextExtensionsTests.cs,265
CS1591,6,OoBDev.TestUtilities.Tests,src/Framework/OoBDev.TestUtilities.Tests/TextContextExtensionsTests.cs,283
CS1591,6,OoBDev.TestUtilities.Tests,src/Framework/OoBDev.TestUtilities.Tests/TextContextExtensionsTests.cs,303
CS1591,6,OoBDev.TestUtilities.Tests,src/Framework/OoBDev.TestUtilities.Tests/TextContextExtensionsTests.cs,322
CS1591,6,OoBDev.WkHtmlToPdf.Tests,src/ExternalServices/WkHtmlToPdf/OoBDev.WkHtmlToPdf.Tests/HtmlToPdfConversionHandlerTests.cs,13
CS1591,6,OoBDev.WkHtmlToPdf.Tests,src/ExternalServices/WkHtmlToPdf/OoBDev.WkHtmlToPdf.Tests/HtmlToPdfConversionHandlerTests.cs,15
CS1591,6,OoBDev.WkHtmlToPdf.Tests,src/ExternalServices/WkHtmlToPdf/OoBDev.WkHtmlToPdf.Tests/HtmlToPdfConversionHandlerTests.cs,22
CS1591,7,OoBDev.RabbitMQ.Tests,src/ExternalServices/RabbitMQ/OoBDev.RabbitMQ.Tests/MessageQueueing/RabbitMQQueueMessageSenderProviderTests.cs,23
CS1591,7,OoBDev.RabbitMQ.Tests,src/ExternalServices/RabbitMQ/OoBDev.RabbitMQ.Tests/MessageQueueing/RabbitMQQueueMessageSenderProviderTests.cs,25
CS1591,7,OoBDev.RabbitMQ.Tests,src/ExternalServices/RabbitMQ/OoBDev.RabbitMQ.Tests/MessageQueueing/RabbitMQQueueMessageSenderProviderTests.cs,27
CS1591,7,OoBDev.RabbitMQ.Tests,src/ExternalServices/RabbitMQ/OoBDev.RabbitMQ.Tests/MessageQueueing/RabbitMQQueueMessageSenderProviderTests.cs,31
CS1591,7,OoBDev.RabbitMQ.Tests,src/ExternalServices/RabbitMQ/OoBDev.RabbitMQ.Tests/MessageQueueing/RabbitMQQueueMessageSenderProviderTests.cs,65
CS1591,7,OoBDev.RabbitMQ.Tests,src/ExternalServices/RabbitMQ/OoBDev.RabbitMQ.Tests/TestItems/TestMessageHandler.cs,10
CS1591,7,OoBDev.RabbitMQ.Tests,src/ExternalServices/RabbitMQ/OoBDev.RabbitMQ.Tests/TestItems/TestMessageHandler.cs,10
CS1591,7,OoBDev.RabbitMQ.Tests,src/ExternalServices/RabbitMQ/OoBDev.RabbitMQ.Tests/TestItems/TestMessageHandler.cs,17
CS1591,7,OoBDev.RabbitMQ.Tests,src/ExternalServices/RabbitMQ/OoBDev.RabbitMQ.Tests/TestItems/TestMessageHandlerWithProvider.cs,11
CS1591,7,OoBDev.RabbitMQ.Tests,src/ExternalServices/RabbitMQ/OoBDev.RabbitMQ.Tests/TestItems/TestMessageHandlerWithProvider.cs,11
CS1591,7,OoBDev.RabbitMQ.Tests,src/ExternalServices/RabbitMQ/OoBDev.RabbitMQ.Tests/TestItems/TestMessageHandlerWithProvider.cs,18
CS1591,7,OoBDev.RabbitMQ.Tests,src/ExternalServices/RabbitMQ/OoBDev.RabbitMQ.Tests/TestItems/TestMessageHandlerWithProviderAndMessage.cs,11
CS1591,7,OoBDev.RabbitMQ.Tests,src/ExternalServices/RabbitMQ/OoBDev.RabbitMQ.Tests/TestItems/TestMessageHandlerWithProviderAndMessage.cs,11
CS1591,7,OoBDev.RabbitMQ.Tests,src/ExternalServices/RabbitMQ/OoBDev.RabbitMQ.Tests/TestItems/TestMessageHandlerWithProviderAndMessage.cs,18
CS1591,7,OoBDev.RabbitMQ.Tests,src/ExternalServices/RabbitMQ/OoBDev.RabbitMQ.Tests/TestItems/TestMessageHandlerWithProviderAndMessage.cs,25
CS1591,7,OoBDev.RabbitMQ.Tests,src/ExternalServices/RabbitMQ/OoBDev.RabbitMQ.Tests/TestItems/TestQueueMessage.cs,3
CS1591,8,OoBDev.Documents.Tests,src/Framework/OoBDev.Documents.Tests/Containers/BlobContainerFactoryTests.cs,11
CS1591,8,OoBDev.Documents.Tests,src/Framework/OoBDev.Documents.Tests/Containers/BlobContainerFactoryTests.cs,13
CS1591,8,OoBDev.Documents.Tests,src/Framework/OoBDev.Documents.Tests/Containers/BlobContainerFactoryTests.cs,17
CS1591,8,OoBDev.Documents.Tests,src/Framework/OoBDev.Documents.Tests/Containers/BlobContainerFactoryTests.cs,39
CS1591,8,OoBDev.Documents.Tests,src/Framework/OoBDev.Documents.Tests/Containers/BlobContainerFactoryTests.cs,62
CS1591,8,OoBDev.Documents.Tests,src/Framework/OoBDev.Documents.Tests/Containers/BlobContainerFactoryTests.cs,81
CS1591,8,OoBDev.Documents.Tests,src/Framework/OoBDev.Documents.Tests/Containers/BlobContainerFactoryTests.cs,100
CS1591,8,OoBDev.Documents.Tests,src/Framework/OoBDev.Documents.Tests/Containers/BlobContainerFactoryTests.cs,117
CS1591,8,OoBDev.Documents.Tests,src/Framework/OoBDev.Documents.Tests/Containers/BlobContainerFactoryTests.cs,118
CS1591,8,OoBDev.Documents.Tests,src/Framework/OoBDev.Documents.Tests/Containers/BlobContainerFactoryTests.cs,119
CS1591,8,OoBDev.Documents.Tests,src/Framework/OoBDev.Documents.Tests/Containers/BlobContainerFactoryTests.cs,121
CS1591,8,OoBDev.Documents.Tests,src/Framework/OoBDev.Documents.Tests/Containers/BlobContainerFactoryTests.cs,123
CS1591,8,OoBDev.Documents.Tests,src/Framework/OoBDev.Documents.Tests/Containers/ServiceRegistryTests.cs,9
CS1591,8,OoBDev.Documents.Tests,src/Framework/OoBDev.Documents.Tests/Containers/ServiceRegistryTests.cs,11
CS1591,8,OoBDev.Documents.Tests,src/Framework/OoBDev.Documents.Tests/Containers/ServiceRegistryTests.cs,15
CS1591,8,OoBDev.Documents.Tests,src/Framework/OoBDev.Documents.Tests/Containers/ServiceRegistryTests.cs,27
CS1591,8,OoBDev.Documents.Tests,src/Framework/OoBDev.Documents.Tests/Containers/WrappedBlobContainerTests.cs,14
CS1591,8,OoBDev.Documents.Tests,src/Framework/OoBDev.Documents.Tests/Containers/WrappedBlobContainerTests.cs,16
CS1591,8,OoBDev.Documents.Tests,src/Framework/OoBDev.Documents.Tests/Containers/WrappedBlobContainerTests.cs,20
CS1591,8,OoBDev.Documents.Tests,src/Framework/OoBDev.Documents.Tests/Containers/WrappedBlobContainerTests.cs,40
CS1591,8,OoBDev.Documents.Tests,src/Framework/OoBDev.Documents.Tests/Containers/WrappedBlobContainerTests.cs,68
CS1591,8,OoBDev.Documents.Tests,src/Framework/OoBDev.Documents.Tests/Containers/WrappedBlobContainerTests.cs,95
CS1591,8,OoBDev.Documents.Tests,src/Framework/OoBDev.Documents.Tests/Containers/WrappedBlobContainerTests.cs,121
CS1591,8,OoBDev.Documents.Tests,src/Framework/OoBDev.Documents.Tests/Containers/WrappedBlobContainerTests.cs,147
CS1591,8,OoBDev.Documents.Tests,src/Framework/OoBDev.Documents.Tests/Containers/WrappedBlobContainerTests.cs,171
CS1591,8,OoBDev.Documents.Tests,src/Framework/OoBDev.Documents.Tests/Conversion/DocumentConversionTests.cs,17
CS1591,8,OoBDev.Documents.Tests,src/Framework/OoBDev.Documents.Tests/Conversion/DocumentConversionTests.cs,19
CS1591,8,OoBDev.Documents.Tests,src/Framework/OoBDev.Documents.Tests/Conversion/DocumentConversionTests.cs,23
CS1591,8,OoBDev.Documents.Tests,src/Framework/OoBDev.Documents.Tests/TestTargets/ContainerTargetClass.cs,3
CS1591,8,OoBDev.Documents.Tests,src/Framework/OoBDev.Documents.Tests/TestTargets/ContainerTargetClassWithTag.cs,4
CS1591,9,OoBDev.Example.Tests,src/Examples/OoBDev.Example.Tests/Documents/IBlobContainerTests.cs,18
CS1591,9,OoBDev.Example.Tests,src/Examples/OoBDev.Example.Tests/Documents/IBlobContainerTests.cs,20
CS1591,9,OoBDev.Example.Tests,src/Examples/OoBDev.Example.Tests/Documents/IBlobContainerTests.cs,52
CS1591,9,OoBDev.Example.Tests,src/Examples/OoBDev.Example.Tests/Documents/IBlobContainerTests.cs,78
CS1591,9,OoBDev.Example.Tests,src/Examples/OoBDev.Example.Tests/Documents/IBlobContainerTests.cs,86
CS1591,9,OoBDev.Example.Tests,src/Examples/OoBDev.Example.Tests/Documents/IBlobContainerTests.cs,95
CS1591,9,OoBDev.Example.Tests,src/Examples/OoBDev.Example.Tests/Documents/IBlobContainerTests.cs,126
CS1591,9,OoBDev.Example.Tests,src/Examples/OoBDev.Example.Tests/Documents/IBlobContainerTests.cs,127
CS1591,9,OoBDev.Example.Tests,src/Examples/OoBDev.Example.Tests/Documents/IBlobContainerTests.cs,129
CS1591,9,OoBDev.Example.Tests,src/Examples/OoBDev.Example.Tests/Documents/IBlobContainerTests.cs,131
CS1591,9,OoBDev.Example.Tests,src/Examples/OoBDev.Example.Tests/Documents/IBlobContainerTests.cs,136
CS1591,9,OoBDev.Example.Tests,src/Examples/OoBDev.Example.Tests/Documents/IBlobContainerTests.cs,138
CS1591,9,OoBDev.Example.Tests,src/Examples/OoBDev.Example.Tests/Documents/IBlobContainerTests.cs,139
CS1591,9,OoBDev.Example.Tests,src/Examples/OoBDev.Example.Tests/Documents/IBlobContainerTests.cs,140
CS1591,9,OoBDev.Example.Tests,src/Examples/OoBDev.Example.Tests/Documents/IBlobContainerTests.cs,141
CS1591,9,OoBDev.Example.Tests,src/Examples/OoBDev.Example.Tests/Documents/IBlobContainerTests.cs,142
CS1591,9,OoBDev.Example.Tests,src/Examples/OoBDev.Example.Tests/Documents/IBlobContainerTests.cs,143
CS1591,9,OoBDev.Example.Tests,src/Examples/OoBDev.Example.Tests/Documents/IBlobContainerTests.cs,144
CS1591,9,OoBDev.Example.Tests,src/Examples/OoBDev.Example.Tests/Documents/IDocumentConversionTests.cs,17
CS1591,9,OoBDev.Example.Tests,src/Examples/OoBDev.Example.Tests/Documents/IDocumentConversionTests.cs,19
CS1591,9,OoBDev.Example.Tests,src/Examples/OoBDev.Example.Tests/Documents/IDocumentConversionTests.cs,30
CS1591,9,OoBDev.Example.Tests,src/Examples/OoBDev.Example.Tests/Documents/IDocumentConversionTests.cs,49
CS1591,9,OoBDev.Example.Tests,src/Examples/OoBDev.Example.Tests/Documents/ServiceRegistryTests.cs,14
CS1591,9,OoBDev.Example.Tests,src/Examples/OoBDev.Example.Tests/Documents/ServiceRegistryTests.cs,16
CS1591,9,OoBDev.Example.Tests,src/Examples/OoBDev.Example.Tests/Documents/ServiceRegistryTests.cs,48
CS1591,9,OoBDev.Example.Tests,src/Examples/OoBDev.Example.Tests/Documents/ServiceRegistryTests.cs,56
CS1591,9,OoBDev.Example.Tests,src/Examples/OoBDev.Example.Tests/TestTargets/ContainerTargetClass.cs,3
CS1591,9,OoBDev.Example.Tests,src/Examples/OoBDev.Example.Tests/TestTargets/ContainerTargetClassWithTag.cs,6
CS1591,9,OoBDev.Example.Tests,src/Examples/OoBDev.Example.Tests/Text/ISerializerTests.cs,16
CS1591,9,OoBDev.Example.Tests,src/Examples/OoBDev.Example.Tests/Text/ISerializerTests.cs,18
CS1591,9,OoBDev.Example.Tests,src/Examples/OoBDev.Example.Tests/Text/ISerializerTests.cs,48
CS1591,9,OoBDev.Example.Tests,src/Examples/OoBDev.Example.Tests/Text/ISerializerTests.cs,61
CS1591,9,OoBDev.Example.Tests,src/Examples/OoBDev.Example.Tests/Text/ISerializerTests.cs,74
CS1591,6,OoBDev.System.Tests,src/Framework/OoBDev.System.Tests/Xml/Xsl/XsltExtensionFactoryTests.cs,68
CS1591,6,OoBDev.System.Text.Html.Tests,src/Extensions/OoBDev.System.Text.Html.Tests/HtmlNavigatorTests.cs,7
CS1591,6,OoBDev.System.Text.Html.Tests,src/Extensions/OoBDev.System.Text.Html.Tests/HtmlNavigatorTests.cs,11
CS1591,6,OoBDev.System.Text.Html.Tests,src/Extensions/OoBDev.System.Text.Html.Tests/HtmlTemplateTransformTests.cs,12
CS1591,6,OoBDev.System.Text.Html.Tests,src/Extensions/OoBDev.System.Text.Html.Tests/HtmlTemplateTransformTests.cs,14
CS1591,6,OoBDev.System.Text.Html.Tests,src/Extensions/OoBDev.System.Text.Html.Tests/HtmlTemplateTransformTests.cs,17
CS1591,6,OoBDev.System.Text.Markdown.Tests,src/Extensions/OoBDev.System.Text.Markdown.Tests/UnitTest1.cs,10
CS1591,6,OoBDev.System.Text.Markdown.Tests,src/Extensions/OoBDev.System.Text.Markdown.Tests/UnitTest1.cs,13
CS1591,6,OoBDev.System.Text.Yaml.Tests,src/Extensions/OoBDev.System.Text.Yaml.Tests/YamlNavigatorTests.cs,8
CS1591,6,OoBDev.System.Text.Yaml.Tests,src/Extensions/OoBDev.System.Text.Yaml.Tests/YamlNavigatorTests.cs,10
CS1591,6,OoBDev.System.Text.Yaml.Tests,src/Extensions/OoBDev.System.Text.Yaml.Tests/YamlNavigatorTests.cs,14
CS1591,6,OoBDev.TestUtilities.Tests,src/Framework/OoBDev.TestUtilities.Tests/NumericAssertsTests.cs,6
CS1591,6,OoBDev.TestUtilities.Tests,src/Framework/OoBDev.TestUtilities.Tests/NumericAssertsTests.cs,8
CS1591,6,OoBDev.TestUtilities.Tests,src/Framework/OoBDev.TestUtilities.Tests/NumericAssertsTests.cs,14
CS1591,6,OoBDev.TestUtilities.Tests,src/Framework/OoBDev.TestUtilities.Tests/NumericAssertsTests.cs,26
CS1591,6,OoBDev.TestUtilities.Tests,src/Framework/OoBDev.TestUtilities.Tests/NumericAssertsTests.cs,38
CS1591,6,OoBDev.TestUtilities.Tests,src/Framework/OoBDev.TestUtilities.Tests/NumericAssertsTests.cs,50
CS1591,6,OoBDev.TestUtilities.Tests,src/Framework/OoBDev.TestUtilities.Tests/NumericAssertsTests.cs,66
CS1591,6,OoBDev.TestUtilities.Tests,src/Framework/OoBDev.TestUtilities.Tests/NumericAssertsTests.cs,78
CS1591,6,OoBDev.TestUtilities.Tests,src/Framework/OoBDev.TestUtilities.Tests/NumericAssertsTests.cs,90
CS1591,6,OoBDev.TestUtilities.Tests,src/Framework/OoBDev.TestUtilities.Tests/NumericAssertsTests.cs,106
CS1591,6,OoBDev.TestUtilities.Tests,src/Framework/OoBDev.TestUtilities.Tests/NumericAssertsTests.cs,118
CS1591,6,OoBDev.TestUtilities.Tests,src/Framework/OoBDev.TestUtilities.Tests/NumericAssertsTests.cs,130
CS1591,6,OoBDev.TestUtilities.Tests,src/Framework/OoBDev.TestUtilities.Tests/NumericAssertsTests.cs,146
CS1591,6,OoBDev.TestUtilities.Tests,src/Framework/OoBDev.TestUtilities.Tests/NumericAssertsTests.cs,158
CS1591,6,OoBDev.TestUtilities.Tests,src/Framework/OoBDev.TestUtilities.Tests/NumericAssertsTests.cs,170
CS1591,6,OoBDev.TestUtilities.Tests,src/Framework/OoBDev.TestUtilities.Tests/NumericAssertsTests.cs,186
CS1591,6,OoBDev.TestUtilities.Tests,src/Framework/OoBDev.TestUtilities.Tests/NumericAssertsTests.cs,199
CS1591,6,OoBDev.TestUtilities.Tests,src/Framework/OoBDev.TestUtilities.Tests/NumericAssertsTests.cs,212
CS1591,6,OoBDev.TestUtilities.Tests,src/Framework/OoBDev.TestUtilities.Tests/NumericAssertsTests.cs,225
CS1591,6,OoBDev.TestUtilities.Tests,src/Framework/OoBDev.TestUtilities.Tests/NumericAssertsTests.cs,242
CS1591,6,OoBDev.TestUtilities.Tests,src/Framework/OoBDev.TestUtilities.Tests/NumericAssertsTests.cs,255
CS1591,6,OoBDev.TestUtilities.Tests,src/Framework/OoBDev.TestUtilities.Tests/NumericAssertsTests.cs,281
CS1591,6,OoBDev.TestUtilities.Tests,src/Framework/OoBDev.TestUtilities.Tests/NumericAssertsTests.cs,293
CS1591,6,OoBDev.TestUtilities.Tests,src/Framework/OoBDev.TestUtilities.Tests/NumericAssertsTests.cs,305
CS1591,6,OoBDev.TestUtilities.Tests,src/Framework/OoBDev.TestUtilities.Tests/NumericAssertsTests.cs,317
CS1591,6,OoBDev.TestUtilities.Tests,src/Framework/OoBDev.TestUtilities.Tests/TextContextExtensionsTests.cs,11
CS1591,6,OoBDev.TestUtilities.Tests,src/Framework/OoBDev.TestUtilities.Tests/TextContextExtensionsTests.cs,13
CS1591,6,OoBDev.TestUtilities.Tests,src/Framework/OoBDev.TestUtilities.Tests/TextContextExtensionsTests.cs,15
CS1591,6,OoBDev.TestUtilities.Tests,src/Framework/OoBDev.TestUtilities.Tests/TextContextExtensionsTests.cs,17
CS1591,6,OoBDev.TestUtilities.Tests,src/Framework/OoBDev.TestUtilities.Tests/TextContextExtensionsTests.cs,22
CS1591,6,OoBDev.TestUtilities.Tests,src/Framework/OoBDev.TestUtilities.Tests/TextContextExtensionsTests.cs,42
CS1591,6,OoBDev.TestUtilities.Tests,src/Framework/OoBDev.TestUtilities.Tests/TextContextExtensionsTests.cs,62
CS1591,6,OoBDev.TestUtilities.Tests,src/Framework/OoBDev.TestUtilities.Tests/TextContextExtensionsTests.cs,82
CS1591,6,OoBDev.TestUtilities.Tests,src/Framework/OoBDev.TestUtilities.Tests/TextContextExtensionsTests.cs,102
CS1591,6,OoBDev.TestUtilities.Tests,src/Framework/OoBDev.TestUtilities.Tests/TextContextExtensionsTests.cs,122
CS1591,6,OoBDev.TestUtilities.Tests,src/Framework/OoBDev.TestUtilities.Tests/TextContextExtensionsTests.cs,142
CS1591,6,OoBDev.TestUtilities.Tests,src/Framework/OoBDev.TestUtilities.Tests/TextContextExtensionsTests.cs,162
CS1591,6,OoBDev.TestUtilities.Tests,src/Framework/OoBDev.TestUtilities.Tests/TextContextExtensionsTests.cs,182
CS1591,6,OoBDev.TestUtilities.Tests,src/Framework/OoBDev.TestUtilities.Tests/TextContextExtensionsTests.cs,202
CS1591,6,OoBDev.TestUtilities.Tests,src/Framework/OoBDev.TestUtilities.Tests/TextContextExtensionsTests.cs,223
CS1591,6,OoBDev.TestUtilities.Tests,src/Framework/OoBDev.TestUtilities.Tests/TextContextExtensionsTests.cs,243
CS1591,6,OoBDev.TestUtilities.Tests,src/Framework/OoBDev.TestUtilities.Tests/TextContextExtensionsTests.cs,265
CS1591,6,OoBDev.TestUtilities.Tests,src/Framework/OoBDev.TestUtilities.Tests/TextContextExtensionsTests.cs,283
CS1591,6,OoBDev.TestUtilities.Tests,src/Framework/OoBDev.TestUtilities.Tests/TextContextExtensionsTests.cs,303
CS1591,6,OoBDev.TestUtilities.Tests,src/Framework/OoBDev.TestUtilities.Tests/TextContextExtensionsTests.cs,322
CS1591,6,OoBDev.WkHtmlToPdf.Tests,src/ExternalServices/WkHtmlToPdf/OoBDev.WkHtmlToPdf.Tests/HtmlToPdfConversionHandlerTests.cs,13
CS1591,6,OoBDev.WkHtmlToPdf.Tests,src/ExternalServices/WkHtmlToPdf/OoBDev.WkHtmlToPdf.Tests/HtmlToPdfConversionHandlerTests.cs,15
CS1591,6,OoBDev.WkHtmlToPdf.Tests,src/ExternalServices/WkHtmlToPdf/OoBDev.WkHtmlToPdf.Tests/HtmlToPdfConversionHandlerTests.cs,22
CS1591,7,OoBDev.RabbitMQ.Tests,src/ExternalServices/RabbitMQ/OoBDev.RabbitMQ.Tests/MessageQueueing/RabbitMQQueueMessageSenderProviderTests.cs,23
CS1591,7,OoBDev.RabbitMQ.Tests,src/ExternalServices/RabbitMQ/OoBDev.RabbitMQ.Tests/MessageQueueing/RabbitMQQueueMessageSenderProviderTests.cs,25
CS1591,7,OoBDev.RabbitMQ.Tests,src/ExternalServices/RabbitMQ/OoBDev.RabbitMQ.Tests/MessageQueueing/RabbitMQQueueMessageSenderProviderTests.cs,27
CS1591,7,OoBDev.RabbitMQ.Tests,src/ExternalServices/RabbitMQ/OoBDev.RabbitMQ.Tests/MessageQueueing/RabbitMQQueueMessageSenderProviderTests.cs,31
CS1591,7,OoBDev.RabbitMQ.Tests,src/ExternalServices/RabbitMQ/OoBDev.RabbitMQ.Tests/MessageQueueing/RabbitMQQueueMessageSenderProviderTests.cs,65
CS1591,7,OoBDev.RabbitMQ.Tests,src/ExternalServices/RabbitMQ/OoBDev.RabbitMQ.Tests/TestItems/TestMessageHandler.cs,10
CS1591,7,OoBDev.RabbitMQ.Tests,src/ExternalServices/RabbitMQ/OoBDev.RabbitMQ.Tests/TestItems/TestMessageHandler.cs,10
CS1591,7,OoBDev.RabbitMQ.Tests,src/ExternalServices/RabbitMQ/OoBDev.RabbitMQ.Tests/TestItems/TestMessageHandler.cs,17
CS1591,7,OoBDev.RabbitMQ.Tests,src/ExternalServices/RabbitMQ/OoBDev.RabbitMQ.Tests/TestItems/TestMessageHandlerWithProvider.cs,11
CS1591,7,OoBDev.RabbitMQ.Tests,src/ExternalServices/RabbitMQ/OoBDev.RabbitMQ.Tests/TestItems/TestMessageHandlerWithProvider.cs,11
CS1591,7,OoBDev.RabbitMQ.Tests,src/ExternalServices/RabbitMQ/OoBDev.RabbitMQ.Tests/TestItems/TestMessageHandlerWithProvider.cs,18
CS1591,7,OoBDev.RabbitMQ.Tests,src/ExternalServices/RabbitMQ/OoBDev.RabbitMQ.Tests/TestItems/TestMessageHandlerWithProviderAndMessage.cs,11
CS1591,7,OoBDev.RabbitMQ.Tests,src/ExternalServices/RabbitMQ/OoBDev.RabbitMQ.Tests/TestItems/TestMessageHandlerWithProviderAndMessage.cs,11
CS1591,7,OoBDev.RabbitMQ.Tests,src/ExternalServices/RabbitMQ/OoBDev.RabbitMQ.Tests/TestItems/TestMessageHandlerWithProviderAndMessage.cs,18
CS1591,7,OoBDev.RabbitMQ.Tests,src/ExternalServices/RabbitMQ/OoBDev.RabbitMQ.Tests/TestItems/TestMessageHandlerWithProviderAndMessage.cs,25
CS1591,7,OoBDev.RabbitMQ.Tests,src/ExternalServices/RabbitMQ/OoBDev.RabbitMQ.Tests/TestItems/TestQueueMessage.cs,3
CS1591,8,OoBDev.DocumentConverter.Cli,src/Tools/OoBDev.DocumentConverter.Cli/DocumentConverterService.cs,16
CS1591,8,OoBDev.DocumentConverter.Cli,src/Tools/OoBDev.DocumentConverter.Cli/DocumentConverterService.cs,24
CS1591,8,OoBDev.DocumentConverter.Cli,src/Tools/OoBDev.DocumentConverter.Cli/DocumentConverterService.cs,39
CS1591,8,OoBDev.DocumentConverter.Cli,src/Tools/OoBDev.DocumentConverter.Cli/DocumentConverterService.cs,92
CS1591,8,OoBDev.DocumentConverter.Cli,src/Tools/OoBDev.DocumentConverter.Cli/Program.cs,11
CS1591,8,OoBDev.Documents.Tests,src/Framework/OoBDev.Documents.Tests/Containers/BlobContainerFactoryTests.cs,11
CS1591,8,OoBDev.Documents.Tests,src/Framework/OoBDev.Documents.Tests/Containers/BlobContainerFactoryTests.cs,13
CS1591,8,OoBDev.Documents.Tests,src/Framework/OoBDev.Documents.Tests/Containers/BlobContainerFactoryTests.cs,17
CS1591,8,OoBDev.Documents.Tests,src/Framework/OoBDev.Documents.Tests/Containers/BlobContainerFactoryTests.cs,39
CS1591,8,OoBDev.Documents.Tests,src/Framework/OoBDev.Documents.Tests/Containers/BlobContainerFactoryTests.cs,62
CS1591,8,OoBDev.Documents.Tests,src/Framework/OoBDev.Documents.Tests/Containers/BlobContainerFactoryTests.cs,81
CS1591,8,OoBDev.Documents.Tests,src/Framework/OoBDev.Documents.Tests/Containers/BlobContainerFactoryTests.cs,100
CS1591,8,OoBDev.Documents.Tests,src/Framework/OoBDev.Documents.Tests/Containers/BlobContainerFactoryTests.cs,117
CS1591,8,OoBDev.Documents.Tests,src/Framework/OoBDev.Documents.Tests/Containers/BlobContainerFactoryTests.cs,118
CS1591,8,OoBDev.Documents.Tests,src/Framework/OoBDev.Documents.Tests/Containers/BlobContainerFactoryTests.cs,119
CS1591,8,OoBDev.Documents.Tests,src/Framework/OoBDev.Documents.Tests/Containers/BlobContainerFactoryTests.cs,121
CS1591,8,OoBDev.Documents.Tests,src/Framework/OoBDev.Documents.Tests/Containers/BlobContainerFactoryTests.cs,123
CS1591,8,OoBDev.Documents.Tests,src/Framework/OoBDev.Documents.Tests/Containers/ServiceRegistryTests.cs,9
CS1591,8,OoBDev.Documents.Tests,src/Framework/OoBDev.Documents.Tests/Containers/ServiceRegistryTests.cs,11
CS1591,8,OoBDev.Documents.Tests,src/Framework/OoBDev.Documents.Tests/Containers/ServiceRegistryTests.cs,15
CS1591,8,OoBDev.Documents.Tests,src/Framework/OoBDev.Documents.Tests/Containers/ServiceRegistryTests.cs,27
CS1591,8,OoBDev.Documents.Tests,src/Framework/OoBDev.Documents.Tests/Containers/WrappedBlobContainerTests.cs,14
CS1591,8,OoBDev.Documents.Tests,src/Framework/OoBDev.Documents.Tests/Containers/WrappedBlobContainerTests.cs,16
CS1591,8,OoBDev.Documents.Tests,src/Framework/OoBDev.Documents.Tests/Containers/WrappedBlobContainerTests.cs,20
CS1591,8,OoBDev.Documents.Tests,src/Framework/OoBDev.Documents.Tests/Containers/WrappedBlobContainerTests.cs,40
CS1591,8,OoBDev.Documents.Tests,src/Framework/OoBDev.Documents.Tests/Containers/WrappedBlobContainerTests.cs,68
CS1591,8,OoBDev.Documents.Tests,src/Framework/OoBDev.Documents.Tests/Containers/WrappedBlobContainerTests.cs,95
CS1591,8,OoBDev.Documents.Tests,src/Framework/OoBDev.Documents.Tests/Containers/WrappedBlobContainerTests.cs,121
CS1591,8,OoBDev.Documents.Tests,src/Framework/OoBDev.Documents.Tests/Containers/WrappedBlobContainerTests.cs,147
CS1591,8,OoBDev.Documents.Tests,src/Framework/OoBDev.Documents.Tests/Containers/WrappedBlobContainerTests.cs,171
CS1591,8,OoBDev.Documents.Tests,src/Framework/OoBDev.Documents.Tests/Conversion/DocumentConversionTests.cs,17
CS1591,8,OoBDev.Documents.Tests,src/Framework/OoBDev.Documents.Tests/Conversion/DocumentConversionTests.cs,19
CS1591,8,OoBDev.Documents.Tests,src/Framework/OoBDev.Documents.Tests/Conversion/DocumentConversionTests.cs,23
CS1591,8,OoBDev.Documents.Tests,src/Framework/OoBDev.Documents.Tests/TestTargets/ContainerTargetClass.cs,3
CS1591,8,OoBDev.Documents.Tests,src/Framework/OoBDev.Documents.Tests/TestTargets/ContainerTargetClassWithTag.cs,4
CS1591,8,OoBDev.FileRagEngine.Cli,src/Tools/OoBDev.FileRagEngine.Cli/FileRagEngineService.cs,18
CS1591,8,OoBDev.FileRagEngine.Cli,src/Tools/OoBDev.FileRagEngine.Cli/FileRagEngineService.cs,25
CS1591,8,OoBDev.FileRagEngine.Cli,src/Tools/OoBDev.FileRagEngine.Cli/FileRagEngineService.cs,38
CS1591,8,OoBDev.FileRagEngine.Cli,src/Tools/OoBDev.FileRagEngine.Cli/FileRagEngineService.cs,157
CS1591,8,OoBDev.FileRagEngine.Cli,src/Tools/OoBDev.FileRagEngine.Cli/Program.cs,12
CS1591,9,OoBDev.Example.Tests,src/Examples/OoBDev.Example.Tests/Documents/IBlobContainerTests.cs,18
CS1591,9,OoBDev.Example.Tests,src/Examples/OoBDev.Example.Tests/Documents/IBlobContainerTests.cs,20
CS1591,9,OoBDev.Example.Tests,src/Examples/OoBDev.Example.Tests/Documents/IBlobContainerTests.cs,52
CS1591,9,OoBDev.Example.Tests,src/Examples/OoBDev.Example.Tests/Documents/IBlobContainerTests.cs,78
CS1591,9,OoBDev.Example.Tests,src/Examples/OoBDev.Example.Tests/Documents/IBlobContainerTests.cs,86
CS1591,9,OoBDev.Example.Tests,src/Examples/OoBDev.Example.Tests/Documents/IBlobContainerTests.cs,95
CS1591,9,OoBDev.Example.Tests,src/Examples/OoBDev.Example.Tests/Documents/IBlobContainerTests.cs,126
CS1591,9,OoBDev.Example.Tests,src/Examples/OoBDev.Example.Tests/Documents/IBlobContainerTests.cs,127
CS1591,9,OoBDev.Example.Tests,src/Examples/OoBDev.Example.Tests/Documents/IBlobContainerTests.cs,129
CS1591,9,OoBDev.Example.Tests,src/Examples/OoBDev.Example.Tests/Documents/IBlobContainerTests.cs,131
CS1591,9,OoBDev.Example.Tests,src/Examples/OoBDev.Example.Tests/Documents/IBlobContainerTests.cs,136
CS1591,9,OoBDev.Example.Tests,src/Examples/OoBDev.Example.Tests/Documents/IBlobContainerTests.cs,138
CS1591,9,OoBDev.Example.Tests,src/Examples/OoBDev.Example.Tests/Documents/IBlobContainerTests.cs,139
CS1591,9,OoBDev.Example.Tests,src/Examples/OoBDev.Example.Tests/Documents/IBlobContainerTests.cs,140
CS1591,9,OoBDev.Example.Tests,src/Examples/OoBDev.Example.Tests/Documents/IBlobContainerTests.cs,141
CS1591,9,OoBDev.Example.Tests,src/Examples/OoBDev.Example.Tests/Documents/IBlobContainerTests.cs,142
CS1591,9,OoBDev.Example.Tests,src/Examples/OoBDev.Example.Tests/Documents/IBlobContainerTests.cs,143
CS1591,9,OoBDev.Example.Tests,src/Examples/OoBDev.Example.Tests/Documents/IBlobContainerTests.cs,144
CS1591,9,OoBDev.Example.Tests,src/Examples/OoBDev.Example.Tests/Documents/IDocumentConversionTests.cs,17
CS1591,9,OoBDev.Example.Tests,src/Examples/OoBDev.Example.Tests/Documents/IDocumentConversionTests.cs,19
CS1591,9,OoBDev.Example.Tests,src/Examples/OoBDev.Example.Tests/Documents/IDocumentConversionTests.cs,30
CS1591,9,OoBDev.Example.Tests,src/Examples/OoBDev.Example.Tests/Documents/IDocumentConversionTests.cs,49
CS1591,9,OoBDev.Example.Tests,src/Examples/OoBDev.Example.Tests/Documents/ServiceRegistryTests.cs,14
CS1591,9,OoBDev.Example.Tests,src/Examples/OoBDev.Example.Tests/Documents/ServiceRegistryTests.cs,16
CS1591,9,OoBDev.Example.Tests,src/Examples/OoBDev.Example.Tests/Documents/ServiceRegistryTests.cs,48
CS1591,9,OoBDev.Example.Tests,src/Examples/OoBDev.Example.Tests/Documents/ServiceRegistryTests.cs,56
CS1591,9,OoBDev.Example.Tests,src/Examples/OoBDev.Example.Tests/TestTargets/ContainerTargetClass.cs,3
CS1591,9,OoBDev.Example.Tests,src/Examples/OoBDev.Example.Tests/TestTargets/ContainerTargetClassWithTag.cs,6
CS1591,9,OoBDev.Example.Tests,src/Examples/OoBDev.Example.Tests/Text/ISerializerTests.cs,16
CS1591,9,OoBDev.Example.Tests,src/Examples/OoBDev.Example.Tests/Text/ISerializerTests.cs,18
CS1591,9,OoBDev.Example.Tests,src/Examples/OoBDev.Example.Tests/Text/ISerializerTests.cs,48
CS1591,9,OoBDev.Example.Tests,src/Examples/OoBDev.Example.Tests/Text/ISerializerTests.cs,61
CS1591,9,OoBDev.Example.Tests,src/Examples/OoBDev.Example.Tests/Text/ISerializerTests.cs,74
